gender,shoulder_to_hip,waist_to_hip,shoulder_to_waist,torso_aspect,symmetry,midline_offset,shape_label
female,1.0706,0.8597,1.2453,1.2070,0.9938,0.0206,hourglass
female,1.0659,0.8628,1.2353,1.1934,0.9522,0.0053,hourglass
female,1.0752,0.8662,1.2412,1.1892,0.9626,0.0030,hourglass
female,1.0706,0.8637,1.2397,1.1962,0.9690,0.0005,hourglass
female,1.0727,0.8575,1.2509,1.2044,0.9909,0.0048,hourglass
female,1.0698,0.8622,1.2408,1.1928,0.9651,0.0009,hourglass
female,1.0805,0.8578,1.2596,1.2165,0.9844,0.0090,hourglass
female,1.0749,0.8649,1.2428,1.2118,0.9741,0.0052,hourglass
female,1.0695,0.8556,1.2499,1.2069,0.9563,0.0019,hourglass
female,1.0612,0.8651,1.2267,1.2072,0.9854,0.0021,hourglass
female,1.0696,0.8506,1.2574,1.1889,0.9613,0.0044,hourglass
female,1.0643,0.8684,1.2256,1.1998,0.9568,0.0001,hourglass
female,1.0659,0.8640,1.2337,1.2051,0.9788,0.0084,hourglass
female,1.0698,0.8587,1.2458,1.2101,0.9686,0.0236,hourglass
female,1.0676,0.8520,1.2531,1.2126,0.9881,0.0110,hourglass
female,1.0777,0.8562,1.2586,1.1939,0.9982,0.0028,hourglass
female,1.0661,0.8580,1.2425,1.1978,0.9675,0.0160,hourglass
female,1.0679,0.8638,1.2363,1.2095,0.9830,0.0108,hourglass
female,1.0808,0.8562,1.2624,1.2123,0.9854,0.0051,hourglass
female,1.0764,0.8678,1.2405,1.2143,0.9559,0.0059,hourglass
female,1.0714,0.8604,1.2452,1.2049,0.9979,0.0011,hourglass
female,1.0814,0.8623,1.2542,1.2013,0.9857,0.0047,hourglass
female,1.0784,0.8668,1.2441,1.2009,0.9998,0.0212,hourglass
female,1.0706,0.8566,1.2499,1.2042,0.9934,0.0139,hourglass
female,1.0724,0.8626,1.2432,1.2007,0.9780,0.0187,hourglass
female,1.0705,0.8575,1.2483,1.2048,0.9898,0.0211,hourglass
female,1.0722,0.8576,1.2503,1.2057,0.9529,0.0154,hourglass
female,1.0715,0.8638,1.2404,1.2006,0.9818,0.0036,hourglass
female,1.0680,0.8696,1.2282,1.2028,0.9825,0.0122,hourglass
female,1.0706,0.8631,1.2405,1.2073,0.9650,0.0000,hourglass
female,1.0783,0.8665,1.2445,1.2084,0.9658,0.0202,hourglass
female,1.0724,0.8705,1.2319,1.2033,0.9579,0.0120,hourglass
female,1.0683,0.8535,1.2516,1.2009,0.9939,0.0066,hourglass
female,1.0750,0.8643,1.2438,1.1983,0.9957,0.0021,hourglass
female,1.0696,0.8576,1.2472,1.2150,0.9645,0.0089,hourglass
female,1.0725,0.8641,1.2412,1.2116,0.9785,0.0287,hourglass
female,1.0700,0.8591,1.2456,1.2172,0.9988,0.0151,hourglass
female,1.0754,0.8538,1.2596,1.1999,0.9669,0.0036,hourglass
female,1.0690,0.8608,1.2419,1.2024,0.9679,0.0022,hourglass
female,1.0645,0.8622,1.2346,1.2132,0.9766,0.0109,hourglass
female,1.0809,0.8737,1.2372,1.1936,0.9550,0.0041,hourglass
female,1.0622,0.8613,1.2332,1.2035,0.9517,0.0032,hourglass
female,1.0806,0.8644,1.2501,1.2063,0.9723,0.0003,hourglass
female,1.0766,0.8562,1.2573,1.2007,0.9673,0.0173,hourglass
female,1.0756,0.8549,1.2582,1.1901,0.9608,0.0035,hourglass
female,1.0750,0.8558,1.2561,1.2108,0.9652,0.0005,hourglass
female,1.0726,0.8630,1.2428,1.1966,0.9638,0.0000,hourglass
female,1.0720,0.8530,1.2567,1.1952,0.9905,0.0127,hourglass
female,1.0612,0.8612,1.2322,1.2017,0.9592,0.0053,hourglass
female,1.0631,0.8525,1.2470,1.1891,0.9574,0.0120,hourglass
female,1.0712,0.8553,1.2524,1.2005,0.9761,0.0088,hourglass
female,1.0702,0.8585,1.2466,1.1918,0.9928,0.0065,hourglass
female,1.0713,0.8551,1.2528,1.2095,0.9500,0.0028,hourglass
female,1.0757,0.8651,1.2435,1.2019,0.9660,0.0127,hourglass
female,1.0629,0.8585,1.2382,1.1992,0.9719,0.0244,hourglass
female,1.0770,0.8638,1.2468,1.1844,0.9525,0.0059,hourglass
female,1.0683,0.8603,1.2418,1.1987,0.9627,0.0004,hourglass
female,1.0724,0.8553,1.2539,1.2030,0.9881,0.0014,hourglass
female,1.0697,0.8532,1.2537,1.2081,0.9821,0.0063,hourglass
female,1.0668,0.8604,1.2399,1.2009,0.9952,0.0043,hourglass
female,1.0706,0.8629,1.2407,1.2047,0.9787,0.0012,hourglass
female,1.0682,0.8563,1.2475,1.2177,0.9938,0.0218,hourglass
female,1.0667,0.8650,1.2331,1.1752,0.9767,0.0070,hourglass
female,1.0728,0.8624,1.2440,1.1967,0.9582,0.0171,hourglass
female,1.0840,0.8603,1.2601,1.1729,0.9525,0.0071,hourglass
female,1.0785,0.8622,1.2509,1.1958,0.9525,0.0014,hourglass
female,1.0726,0.8632,1.2426,1.2035,0.9777,0.0082,hourglass
female,1.0714,0.8617,1.2434,1.1970,0.9869,0.0086,hourglass
female,1.0839,0.8683,1.2483,1.2138,0.9975,0.0018,hourglass
female,1.0689,0.8614,1.2408,1.2004,0.9774,0.0061,hourglass
female,1.0779,0.8632,1.2487,1.1836,0.9515,0.0094,hourglass
female,1.0632,0.8564,1.2414,1.2118,0.9910,0.0002,hourglass
female,1.0669,0.8704,1.2258,1.2074,0.9861,0.0043,hourglass
female,1.0706,0.8615,1.2427,1.2066,0.9852,0.0043,hourglass
female,1.0694,0.8617,1.2411,1.2052,0.9796,0.0008,hourglass
female,1.0697,0.8628,1.2398,1.2007,0.9995,0.0048,hourglass
female,1.0705,0.8549,1.2521,1.1991,0.9678,0.0060,hourglass
female,1.0643,0.8538,1.2466,1.2004,0.9929,0.0062,hourglass
female,1.0765,0.8602,1.2515,1.1986,0.9841,0.0160,hourglass
female,1.0806,0.8626,1.2528,1.1790,0.9938,0.0098,hourglass
female,1.0700,0.8646,1.2376,1.1972,0.9845,0.0230,hourglass
female,1.0682,0.8620,1.2393,1.2131,0.9824,0.0067,hourglass
female,1.0621,0.8609,1.2338,1.1983,0.9567,0.0095,hourglass
female,1.0679,0.8538,1.2507,1.2097,0.9852,0.0179,hourglass
female,1.0728,0.8556,1.2538,1.2010,0.9839,0.0031,hourglass
female,1.0642,0.8578,1.2406,1.1963,0.9838,0.0111,hourglass
female,1.0738,0.8604,1.2481,1.2060,0.9908,0.0029,hourglass
female,1.0662,0.8625,1.2363,1.2157,0.9507,0.0060,hourglass
female,1.0679,0.8673,1.2313,1.2013,0.9821,0.0189,hourglass
female,1.0672,0.8613,1.2390,1.1925,0.9608,0.0095,hourglass
female,1.0668,0.8549,1.2479,1.1988,0.9762,0.0041,hourglass
female,1.0737,0.8500,1.2631,1.1946,0.9957,0.0220,hourglass
female,1.0633,0.8675,1.2258,1.2079,0.9543,0.0125,hourglass
female,1.0659,0.8570,1.2437,1.1974,0.9760,0.0219,hourglass
female,1.0751,0.8566,1.2550,1.1907,0.9615,0.0088,hourglass
female,1.0695,0.8615,1.2415,1.1936,0.9829,0.0001,hourglass
female,1.0632,0.8630,1.2319,1.1989,0.9745,0.0091,hourglass
female,1.0647,0.8622,1.2350,1.1886,0.9841,0.0004,hourglass
female,1.0674,0.8585,1.2433,1.1968,0.9941,0.0065,hourglass
female,1.0738,0.8591,1.2499,1.1924,0.9634,0.0049,hourglass
female,1.0657,0.8594,1.2401,1.2134,0.9741,0.0009,hourglass
female,1.0744,0.8582,1.2520,1.2155,0.9668,0.0006,hourglass
female,1.0627,0.8593,1.2367,1.2077,0.9703,0.0148,hourglass
female,1.0692,0.8603,1.2428,1.1915,0.9609,0.0009,hourglass
female,1.0642,0.8474,1.2558,1.1835,0.9582,0.0060,hourglass
female,1.0714,0.8586,1.2479,1.1996,0.9919,0.0039,hourglass
female,1.0652,0.8580,1.2416,1.1914,0.9559,0.0094,hourglass
female,1.0750,0.8591,1.2512,1.1900,0.9811,0.0072,hourglass
female,1.0712,0.8582,1.2482,1.1996,0.9897,0.0158,hourglass
female,1.0707,0.8621,1.2420,1.2040,0.9662,0.0087,hourglass
female,1.0706,0.8628,1.2409,1.2105,0.9902,0.0017,hourglass
female,1.0768,0.8527,1.2628,1.2094,0.9660,0.0002,hourglass
female,1.0657,0.8561,1.2448,1.1965,0.9976,0.0114,hourglass
female,1.0710,0.8685,1.2331,1.1968,0.9561,0.0007,hourglass
female,1.0739,0.8582,1.2514,1.1898,0.9787,0.0132,hourglass
female,1.0739,0.8747,1.2277,1.1930,0.9945,0.0110,hourglass
female,1.0553,0.8594,1.2279,1.1980,0.9910,0.0057,hourglass
female,1.0692,0.8520,1.2550,1.1981,0.9942,0.0124,hourglass
female,1.0669,0.8558,1.2467,1.1983,0.9832,0.0150,hourglass
female,1.0728,0.8500,1.2620,1.2060,0.9606,0.0162,hourglass
female,1.0679,0.8675,1.2311,1.1962,0.9793,0.0143,hourglass
female,1.0712,0.8613,1.2437,1.1899,0.9949,0.0020,hourglass
female,1.0666,0.8598,1.2406,1.1841,0.9859,0.0204,hourglass
female,1.0647,0.8603,1.2375,1.2051,0.9852,0.0136,hourglass
female,1.0739,0.8547,1.2565,1.2140,0.9918,0.0043,hourglass
female,1.0674,0.8580,1.2441,1.2009,0.9547,0.0027,hourglass
female,1.0756,0.8614,1.2487,1.1941,0.9869,0.0162,hourglass
female,1.0782,0.8582,1.2564,1.2128,0.9597,0.0064,hourglass
female,1.0666,0.8639,1.2345,1.1987,0.9913,0.0064,hourglass
female,1.0779,0.8444,1.2766,1.1942,0.9718,0.0083,hourglass
female,1.0637,0.8616,1.2346,1.2076,0.9931,0.0021,hourglass
female,1.0732,0.8573,1.2519,1.1896,0.9817,0.0042,hourglass
female,1.0731,0.8631,1.2433,1.1910,0.9793,0.0157,hourglass
female,1.0823,0.8641,1.2525,1.1959,0.9709,0.0178,hourglass
female,1.0585,0.8595,1.2316,1.1867,0.9715,0.0109,hourglass
female,1.0686,0.8578,1.2457,1.2056,0.9923,0.0131,hourglass
female,1.0678,0.8582,1.2442,1.1936,0.9670,0.0030,hourglass
female,1.0601,0.8586,1.2347,1.1947,0.9537,0.0146,hourglass
female,1.0795,0.8596,1.2559,1.1960,0.9590,0.0094,hourglass
female,1.0644,0.8538,1.2466,1.1937,0.9659,0.0108,hourglass
female,1.0585,0.8609,1.2294,1.2003,0.9794,0.0029,hourglass
female,1.0682,0.8622,1.2389,1.2015,0.9825,0.0045,hourglass
female,1.0731,0.8677,1.2368,1.1901,0.9818,0.0056,hourglass
female,1.0783,0.8601,1.2537,1.2041,0.9568,0.0065,hourglass
female,1.0754,0.8526,1.2614,1.1796,0.9711,0.0016,hourglass
female,1.0825,0.8652,1.2512,1.2028,0.9518,0.0013,hourglass
female,1.0735,0.8656,1.2401,1.1931,0.9797,0.0022,hourglass
female,1.0650,0.8595,1.2391,1.2157,0.9854,0.0056,hourglass
female,1.0706,0.8548,1.2525,1.1895,0.9672,0.0190,hourglass
female,1.0686,0.8585,1.2447,1.1834,0.9806,0.0076,hourglass
female,1.0580,0.8677,1.2193,1.1929,0.9746,0.0019,hourglass
female,1.0698,0.8615,1.2417,1.2055,0.9848,0.0083,hourglass
female,1.0627,0.8530,1.2458,1.2171,0.9669,0.0176,hourglass
female,1.0678,0.8593,1.2427,1.1799,0.9590,0.0063,hourglass
female,1.0702,0.8648,1.2375,1.1831,0.9649,0.0136,hourglass
female,1.0600,0.8646,1.2261,1.1978,0.9575,0.0005,hourglass
female,1.0767,0.8562,1.2575,1.1858,0.9520,0.0091,hourglass
female,1.0669,0.8626,1.2369,1.1939,0.9937,0.0203,hourglass
female,1.0697,0.8546,1.2516,1.1936,0.9719,0.0028,hourglass
female,1.0720,0.8600,1.2466,1.1875,0.9720,0.0081,hourglass
female,1.0724,0.8603,1.2465,1.2017,0.9807,0.0053,hourglass
female,1.0687,0.8638,1.2371,1.1988,0.9550,0.0072,hourglass
female,1.0763,0.8587,1.2534,1.2073,0.9593,0.0073,hourglass
female,1.0709,0.8580,1.2482,1.1995,0.9629,0.0032,hourglass
female,1.0731,0.8603,1.2474,1.2002,0.9676,0.0047,hourglass
female,1.0736,0.8592,1.2495,1.2006,0.9798,0.0093,hourglass
female,1.0743,0.8577,1.2525,1.2041,0.9589,0.0104,hourglass
female,1.0683,0.8602,1.2418,1.2069,0.9868,0.0001,hourglass
female,1.0753,0.8485,1.2673,1.1877,0.9528,0.0037,hourglass
female,1.0707,0.8560,1.2508,1.2032,0.9905,0.0056,hourglass
female,1.0705,0.8595,1.2455,1.2044,0.9872,0.0100,hourglass
female,1.0688,0.8600,1.2429,1.2002,0.9519,0.0084,hourglass
female,1.0715,0.8585,1.2482,1.1949,0.9595,0.0014,hourglass
female,1.0626,0.8656,1.2275,1.1930,0.9573,0.0055,hourglass
female,1.0714,0.8672,1.2354,1.1913,0.9711,0.0089,hourglass
female,1.0722,0.8647,1.2401,1.2075,0.9890,0.0084,hourglass
female,1.0740,0.8494,1.2644,1.2044,0.9621,0.0083,hourglass
female,1.0654,0.8656,1.2307,1.1728,0.9523,0.0063,hourglass
female,1.0678,0.8611,1.2400,1.1999,0.9727,0.0010,hourglass
female,1.0757,0.8618,1.2481,1.1926,0.9673,0.0197,hourglass
female,1.0583,0.8628,1.2265,1.1908,0.9683,0.0184,hourglass
female,1.0715,0.8602,1.2457,1.2096,0.9971,0.0140,hourglass
female,1.0602,0.8568,1.2373,1.2268,0.9633,0.0249,hourglass
female,1.0710,0.8629,1.2412,1.2084,0.9857,0.0077,hourglass
female,1.0766,0.8590,1.2533,1.2040,0.9650,0.0156,hourglass
female,1.0746,0.8586,1.2515,1.2064,0.9923,0.0146,hourglass
female,1.0680,0.8641,1.2360,1.1853,0.9544,0.0081,hourglass
female,1.0648,0.8662,1.2293,1.2141,0.9605,0.0014,hourglass
female,1.0646,0.8517,1.2500,1.2178,0.9669,0.0137,hourglass
female,1.0640,0.8611,1.2357,1.1956,0.9591,0.0011,hourglass
female,1.0714,0.8585,1.2479,1.2011,0.9569,0.0005,hourglass
female,1.0717,0.8524,1.2573,1.1850,0.9634,0.0002,hourglass
female,1.0742,0.8534,1.2587,1.2041,0.9673,0.0104,hourglass
female,1.0733,0.8625,1.2444,1.1986,0.9586,0.0008,hourglass
female,1.0721,0.8620,1.2437,1.2011,0.9946,0.0076,hourglass
female,1.0707,0.8655,1.2371,1.1980,0.9552,0.0025,hourglass
female,1.0625,0.8569,1.2399,1.1950,0.9981,0.0070,hourglass
female,1.0654,0.8684,1.2268,1.2040,0.9926,0.0015,hourglass
female,1.0712,0.8587,1.2475,1.1894,0.9819,0.0010,hourglass
female,1.0666,0.8578,1.2435,1.1902,0.9984,0.0012,hourglass
female,1.0668,0.8639,1.2349,1.2152,0.9804,0.0067,hourglass
female,1.0670,0.8655,1.2329,1.1998,0.9730,0.0157,hourglass
female,1.0641,0.8613,1.2354,1.2112,0.9546,0.0100,hourglass
female,1.0742,0.8661,1.2403,1.1958,0.9666,0.0009,hourglass
female,1.0771,0.8628,1.2484,1.1898,0.9565,0.0079,hourglass
female,1.0650,0.8681,1.2269,1.2139,0.9789,0.0001,hourglass
female,1.0740,0.8599,1.2490,1.1874,0.9548,0.0086,hourglass
female,1.0763,0.8664,1.2423,1.2063,0.9790,0.0191,hourglass
female,1.0674,0.8556,1.2476,1.1896,0.9845,0.0048,hourglass
female,1.0766,0.8656,1.2438,1.2100,0.9866,0.0139,hourglass
female,1.0692,0.8675,1.2325,1.1843,0.9533,0.0041,hourglass
female,1.0712,0.8622,1.2423,1.1939,0.9931,0.0015,hourglass
female,1.0692,0.8662,1.2343,1.2112,0.9612,0.0248,hourglass
female,1.0718,0.8684,1.2342,1.1910,0.9556,0.0019,hourglass
female,1.0714,0.8586,1.2479,1.2137,0.9579,0.0121,hourglass
female,1.0736,0.8630,1.2440,1.2024,0.9765,0.0146,hourglass
female,1.0663,0.8644,1.2335,1.2104,0.9693,0.0185,hourglass
female,1.0641,0.8627,1.2335,1.1797,0.9522,0.0195,hourglass
female,1.0709,0.8584,1.2475,1.2033,0.9548,0.0031,hourglass
female,1.0762,0.8604,1.2509,1.2045,0.9609,0.0028,hourglass
female,1.0705,0.8588,1.2465,1.1882,0.9976,0.0035,hourglass
female,1.0698,0.8606,1.2431,1.2038,0.9990,0.0109,hourglass
female,1.0709,0.8645,1.2387,1.1942,0.9792,0.0022,hourglass
female,1.0682,0.8532,1.2521,1.2072,0.9895,0.0081,hourglass
female,1.0667,0.8543,1.2486,1.2070,0.9723,0.0116,hourglass
female,1.0758,0.8586,1.2529,1.2026,0.9973,0.0043,hourglass
female,1.0608,0.8681,1.2220,1.2137,0.9582,0.0165,hourglass
female,1.0698,0.8554,1.2507,1.1937,0.9980,0.0100,hourglass
female,1.0742,0.8547,1.2568,1.1984,0.9670,0.0190,hourglass
female,1.0840,0.8598,1.2608,1.2028,0.9940,0.0011,hourglass
female,1.0625,0.8634,1.2307,1.2035,0.9604,0.0126,hourglass
female,1.0716,0.8627,1.2422,1.1948,0.9717,0.0108,hourglass
female,1.0686,0.8600,1.2425,1.1996,0.9630,0.0037,hourglass
female,1.0595,0.8575,1.2356,1.2037,0.9681,0.0046,hourglass
female,1.0591,0.8604,1.2309,1.2088,0.9521,0.0138,hourglass
female,1.0648,0.8607,1.2372,1.1978,0.9813,0.0170,hourglass
female,1.0754,0.8559,1.2565,1.2025,0.9879,0.0122,hourglass
female,1.0685,0.8704,1.2277,1.2126,0.9891,0.0073,hourglass
female,1.0724,0.8668,1.2373,1.1853,0.9935,0.0018,hourglass
female,1.0676,0.8577,1.2448,1.1994,0.9995,0.0024,hourglass
female,1.0702,0.8611,1.2428,1.1906,0.9582,0.0089,hourglass
female,1.0678,0.8562,1.2471,1.2005,0.9975,0.0060,hourglass
female,1.0669,0.8596,1.2411,1.2079,0.9914,0.0049,hourglass
female,1.0692,0.8589,1.2448,1.2208,0.9831,0.0051,hourglass
female,1.0706,0.8596,1.2454,1.2012,0.9966,0.0033,hourglass
female,1.0603,0.8628,1.2289,1.2112,0.9659,0.0045,hourglass
female,1.0703,0.8560,1.2503,1.2024,0.9627,0.0003,hourglass
female,1.0542,0.8592,1.2269,1.1913,0.9517,0.0037,hourglass
female,1.0739,0.8636,1.2434,1.2013,0.9884,0.0017,hourglass
female,1.0603,0.8626,1.2292,1.2115,0.9947,0.0012,hourglass
female,1.0724,0.8640,1.2411,1.2034,0.9939,0.0057,hourglass
female,1.0625,0.8606,1.2346,1.1908,0.9950,0.0106,hourglass
female,1.0657,0.8627,1.2353,1.2050,0.9588,0.0002,hourglass
female,1.0708,0.8717,1.2284,1.2069,0.9574,0.0060,hourglass
female,1.0735,0.8580,1.2512,1.1923,0.9628,0.0023,hourglass
female,1.0753,0.8556,1.2567,1.2009,0.9989,0.0146,hourglass
female,1.0710,0.8646,1.2387,1.1964,0.9680,0.0032,hourglass
female,1.0688,0.8538,1.2517,1.1991,0.9823,0.0204,hourglass
female,1.0671,0.8579,1.2438,1.2030,0.9776,0.0162,hourglass
female,1.0677,0.8564,1.2468,1.2197,0.9781,0.0115,hourglass
female,1.0799,0.8584,1.2581,1.1929,0.9515,0.0030,hourglass
female,1.0727,0.8628,1.2433,1.1919,0.9927,0.0281,hourglass
female,1.0729,0.8526,1.2584,1.2085,0.9798,0.0094,hourglass
female,1.0727,0.8542,1.2558,1.2117,0.9701,0.0091,hourglass
female,1.0735,0.8603,1.2477,1.1934,0.9970,0.0062,hourglass
female,1.0717,0.8573,1.2501,1.1967,0.9986,0.0022,hourglass
female,1.0772,0.8652,1.2451,1.2099,0.9744,0.0022,hourglass
female,1.0706,0.8622,1.2416,1.2092,0.9815,0.0205,hourglass
female,1.0673,0.8635,1.2361,1.1989,0.9801,0.0069,hourglass
female,1.0724,0.8629,1.2427,1.2052,1.0000,0.0064,hourglass
female,1.0747,0.8564,1.2550,1.2125,0.9711,0.0063,hourglass
female,1.0675,0.8586,1.2433,1.1928,0.9859,0.0079,hourglass
female,1.0765,0.8652,1.2443,1.2072,0.9913,0.0011,hourglass
female,1.0715,0.8583,1.2483,1.2038,0.9655,0.0135,hourglass
female,1.0721,0.8555,1.2532,1.1828,0.9717,0.0192,hourglass
female,1.0691,0.8521,1.2546,1.2086,0.9772,0.0108,hourglass
female,1.0702,0.8643,1.2382,1.1956,0.9602,0.0009,hourglass
female,1.0673,0.8563,1.2465,1.1944,0.9843,0.0048,hourglass
female,1.0676,0.8636,1.2362,1.1918,0.9871,0.0209,hourglass
female,1.0637,0.8514,1.2494,1.2001,0.9866,0.0260,hourglass
female,1.0711,0.8605,1.2447,1.2015,0.9963,0.0005,hourglass
female,1.0744,0.8615,1.2471,1.2110,0.9902,0.0051,hourglass
female,1.0657,0.8569,1.2438,1.1907,0.9900,0.0021,hourglass
female,1.0786,0.8565,1.2593,1.1961,0.9846,0.0106,hourglass
female,1.0686,0.8663,1.2335,1.1966,0.9808,0.0095,hourglass
female,1.0751,0.8629,1.2459,1.1916,0.9598,0.0077,hourglass
female,1.0755,0.8610,1.2492,1.2060,0.9955,0.0004,hourglass
female,1.0785,0.8588,1.2558,1.2040,0.9783,0.0043,hourglass
female,1.0697,0.8639,1.2383,1.1888,0.9680,0.0093,hourglass
female,1.0619,0.8583,1.2372,1.1905,0.9761,0.0067,hourglass
female,1.0743,0.8672,1.2389,1.2080,0.9965,0.0225,hourglass
female,1.0709,0.8585,1.2473,1.1944,0.9618,0.0104,hourglass
female,1.0695,0.8589,1.2452,1.1950,0.9927,0.0128,hourglass
female,1.0817,0.8518,1.2699,1.1930,0.9973,0.0062,hourglass
female,1.0711,0.8533,1.2552,1.2060,0.9756,0.0035,hourglass
female,1.0771,0.8648,1.2454,1.2009,0.9696,0.0136,hourglass
female,1.0722,0.8641,1.2409,1.1964,0.9524,0.0198,hourglass
female,1.0738,0.8599,1.2487,1.1991,0.9912,0.0054,hourglass
female,1.0699,0.8498,1.2590,1.2022,0.9629,0.0036,hourglass
female,1.0614,0.8652,1.2268,1.2055,0.9545,0.0126,hourglass
female,1.0740,0.8628,1.2447,1.1871,0.9673,0.0080,hourglass
female,1.0722,0.8535,1.2562,1.2031,0.9542,0.0124,hourglass
female,1.0772,0.8478,1.2706,1.1938,0.9840,0.0048,hourglass
female,1.0725,0.8599,1.2474,1.1972,0.9604,0.0116,hourglass
female,1.0770,0.8493,1.2681,1.1955,0.9749,0.0145,hourglass
female,1.0754,0.8571,1.2547,1.2023,0.9645,0.0098,hourglass
female,1.0612,0.8562,1.2394,1.2054,0.9739,0.0159,hourglass
female,1.0674,0.8548,1.2487,1.1991,0.9657,0.0192,hourglass
female,1.0695,0.8584,1.2459,1.2066,0.9551,0.0086,hourglass
female,1.0610,0.8673,1.2234,1.1873,0.9776,0.0032,hourglass
female,1.0656,0.8492,1.2549,1.2004,0.9734,0.0039,hourglass
female,1.0670,0.8656,1.2327,1.2129,0.9737,0.0083,hourglass
female,1.0785,0.8564,1.2593,1.2075,0.9861,0.0146,hourglass
female,1.0678,0.8639,1.2361,1.2161,0.9742,0.0031,hourglass
female,1.0709,0.8686,1.2329,1.2216,0.9513,0.0180,hourglass
female,1.0744,0.8571,1.2535,1.1764,0.9878,0.0047,hourglass
female,1.0685,0.8611,1.2408,1.2096,0.9914,0.0123,hourglass
female,1.0728,0.8595,1.2482,1.2115,0.9884,0.0095,hourglass
female,1.0630,0.8546,1.2438,1.2197,0.9521,0.0084,hourglass
female,1.0664,0.8623,1.2367,1.2016,0.9529,0.0014,hourglass
female,1.0707,0.8523,1.2563,1.2131,0.9995,0.0021,hourglass
female,1.0731,0.8590,1.2492,1.2086,0.9764,0.0024,hourglass
female,1.0724,0.8480,1.2647,1.1976,0.9832,0.0034,hourglass
female,1.0657,0.8601,1.2391,1.1939,0.9923,0.0165,hourglass
female,1.0773,0.8591,1.2539,1.1957,0.9799,0.0243,hourglass
female,1.0682,0.8646,1.2355,1.2155,0.9645,0.0029,hourglass
female,1.0765,0.8637,1.2464,1.1845,0.9818,0.0076,hourglass
female,1.0698,0.8547,1.2517,1.1929,0.9687,0.0076,hourglass
female,1.0724,0.8598,1.2474,1.2108,0.9720,0.0172,hourglass
female,1.0686,0.8523,1.2538,1.2098,0.9857,0.0002,hourglass
female,1.0662,0.8643,1.2336,1.2000,0.9518,0.0001,hourglass
female,1.0638,0.8627,1.2330,1.1983,0.9694,0.0116,hourglass
female,1.0677,0.8611,1.2399,1.2017,0.9675,0.0022,hourglass
female,1.0651,0.8577,1.2417,1.2001,0.9965,0.0042,hourglass
female,1.0715,0.8600,1.2460,1.2055,0.9551,0.0111,hourglass
female,1.0690,0.8548,1.2505,1.2055,0.9781,0.0044,hourglass
female,1.0714,0.8624,1.2424,1.1936,0.9839,0.0005,hourglass
female,1.0638,0.8622,1.2338,1.2050,0.9969,0.0085,hourglass
female,1.0749,0.8592,1.2511,1.2101,0.9970,0.0047,hourglass
female,1.0575,0.8676,1.2189,1.2124,0.9623,0.0075,hourglass
female,1.0659,0.8633,1.2346,1.1943,0.9625,0.0143,hourglass
female,1.0729,0.8560,1.2533,1.1902,0.9803,0.0141,hourglass
female,1.0696,0.8648,1.2369,1.2058,0.9931,0.0104,hourglass
female,1.0741,0.8645,1.2425,1.2058,0.9675,0.0001,hourglass
female,1.0752,0.8707,1.2350,1.1865,0.9694,0.0005,hourglass
female,1.0620,0.8537,1.2441,1.1997,0.9649,0.0018,hourglass
female,1.0660,0.8524,1.2505,1.1993,0.9980,0.0137,hourglass
female,1.0772,0.8571,1.2568,1.2006,0.9853,0.0029,hourglass
female,1.0711,0.8553,1.2524,1.2078,0.9578,0.0094,hourglass
female,1.0703,0.8588,1.2463,1.1870,0.9758,0.0026,hourglass
female,0.9453,0.9848,0.9599,1.0139,0.9765,0.0087,pear
female,0.9486,0.9706,0.9773,1.0326,0.9676,0.0042,pear
female,0.9504,0.9833,0.9666,1.0220,0.9745,0.0010,pear
female,0.9547,0.9893,0.9651,1.0123,0.9803,0.0053,pear
female,0.9530,0.9820,0.9705,1.0171,0.9989,0.0124,pear
female,0.9482,0.9814,0.9662,1.0103,0.9835,0.0072,pear
female,0.9584,0.9849,0.9731,1.0115,0.9871,0.0187,pear
female,0.9518,0.9825,0.9688,1.0170,0.9874,0.0069,pear
female,0.9466,0.9875,0.9586,1.0227,0.9861,0.0042,pear
female,0.9465,0.9770,0.9688,1.0140,0.9527,0.0090,pear
female,0.9436,0.9798,0.9630,1.0248,0.9509,0.0037,pear
female,0.9550,0.9735,0.9810,1.0215,0.9763,0.0087,pear
female,0.9480,0.9811,0.9663,1.0184,0.9879,0.0039,pear
female,0.9506,0.9885,0.9617,1.0200,0.9995,0.0120,pear
female,0.9444,0.9859,0.9579,1.0144,0.9760,0.0066,pear
female,0.9486,0.9753,0.9726,1.0197,0.9665,0.0143,pear
female,0.9522,0.9758,0.9759,1.0072,0.9579,0.0025,pear
female,0.9493,0.9865,0.9623,1.0239,0.9821,0.0154,pear
female,0.9521,0.9776,0.9739,1.0148,0.9500,0.0103,pear
female,0.9519,0.9857,0.9657,1.0200,0.9935,0.0246,pear
female,0.9482,0.9946,0.9533,1.0105,0.9670,0.0064,pear
female,0.9548,0.9812,0.9731,1.0353,0.9776,0.0143,pear
female,0.9490,0.9748,0.9736,1.0081,0.9974,0.0035,pear
female,0.9481,0.9800,0.9675,1.0005,0.9878,0.0130,pear
female,0.9543,0.9830,0.9708,0.9960,0.9683,0.0003,pear
female,0.9453,0.9863,0.9584,0.9980,0.9610,0.0083,pear
female,0.9567,0.9787,0.9775,1.0360,0.9845,0.0023,pear
female,0.9540,0.9859,0.9677,1.0069,0.9860,0.0164,pear
female,0.9495,0.9887,0.9603,1.0314,0.9995,0.0117,pear
female,0.9420,0.9729,0.9682,1.0141,0.9701,0.0008,pear
female,0.9465,0.9889,0.9572,0.9997,0.9861,0.0077,pear
female,0.9393,0.9837,0.9549,1.0271,0.9694,0.0151,pear
female,0.9375,0.9777,0.9589,1.0116,0.9530,0.0126,pear
female,0.9486,0.9843,0.9638,1.0249,0.9592,0.0025,pear
female,0.9493,0.9825,0.9662,1.0253,0.9567,0.0025,pear
female,0.9481,0.9782,0.9692,1.0294,0.9940,0.0046,pear
female,0.9461,0.9781,0.9674,1.0156,0.9844,0.0083,pear
female,0.9410,0.9840,0.9563,0.9924,0.9961,0.0038,pear
female,0.9483,0.9916,0.9563,1.0396,0.9682,0.0112,pear
female,0.9464,0.9817,0.9641,1.0209,0.9780,0.0107,pear
female,0.9427,0.9886,0.9535,1.0131,0.9722,0.0011,pear
female,0.9492,0.9801,0.9685,1.0166,0.9756,0.0002,pear
female,0.9491,0.9880,0.9606,1.0190,0.9954,0.0119,pear
female,0.9552,0.9828,0.9719,1.0025,0.9845,0.0113,pear
female,0.9540,0.9892,0.9645,0.9980,0.9653,0.0087,pear
female,0.9463,0.9785,0.9670,1.0185,0.9944,0.0128,pear
female,0.9471,0.9829,0.9636,1.0190,0.9788,0.0060,pear
female,0.9504,0.9893,0.9607,1.0198,0.9853,0.0059,pear
female,0.9641,0.9793,0.9844,0.9943,0.9770,0.0185,pear
female,0.9566,0.9699,0.9863,1.0173,0.9559,0.0157,pear
female,0.9523,0.9784,0.9733,0.9971,0.9902,0.0106,pear
female,0.9465,0.9753,0.9705,0.9886,0.9691,0.0044,pear
female,0.9489,0.9793,0.9690,1.0332,0.9939,0.0024,pear
female,0.9502,0.9860,0.9636,1.0183,0.9868,0.0232,pear
female,0.9409,0.9874,0.9528,1.0066,0.9529,0.0241,pear
female,0.9479,0.9743,0.9729,1.0057,0.9951,0.0017,pear
female,0.9500,0.9793,0.9701,1.0307,0.9512,0.0033,pear
female,0.9453,0.9751,0.9694,1.0125,0.9699,0.0007,pear
female,0.9500,0.9816,0.9678,1.0176,0.9833,0.0076,pear
female,0.9560,0.9866,0.9689,1.0261,0.9602,0.0126,pear
female,0.9492,0.9884,0.9603,1.0103,0.9504,0.0188,pear
female,0.9502,0.9818,0.9678,0.9984,0.9959,0.0005,pear
female,0.9452,0.9877,0.9570,1.0158,0.9787,0.0205,pear
female,0.9552,0.9734,0.9813,1.0216,0.9831,0.0008,pear
female,0.9524,0.9749,0.9770,1.0209,0.9882,0.0074,pear
female,0.9535,0.9839,0.9691,1.0277,0.9726,0.0025,pear
female,0.9416,0.9811,0.9597,1.0178,0.9976,0.0013,pear
female,0.9455,0.9765,0.9683,1.0089,0.9670,0.0041,pear
female,0.9404,0.9849,0.9548,1.0037,0.9530,0.0115,pear
female,0.9471,0.9786,0.9679,1.0069,0.9753,0.0024,pear
female,0.9494,0.9763,0.9725,1.0342,0.9760,0.0009,pear
female,0.9467,0.9812,0.9648,1.0140,0.9657,0.0030,pear
female,0.9491,0.9938,0.9550,1.0122,0.9983,0.0093,pear
female,0.9449,0.9904,0.9540,1.0068,0.9645,0.0066,pear
female,0.9493,0.9781,0.9705,0.9980,0.9981,0.0229,pear
female,0.9453,0.9801,0.9645,1.0047,0.9542,0.0215,pear
female,0.9405,0.9700,0.9696,1.0084,0.9936,0.0077,pear
female,0.9443,0.9826,0.9610,1.0104,0.9992,0.0148,pear
female,0.9475,0.9952,0.9521,1.0142,0.9735,0.0015,pear
female,0.9529,0.9817,0.9706,1.0118,0.9909,0.0086,pear
female,0.9583,0.9809,0.9769,1.0102,0.9515,0.0072,pear
female,0.9454,0.9841,0.9607,1.0090,0.9702,0.0039,pear
female,0.9485,0.9774,0.9704,1.0176,0.9921,0.0108,pear
female,0.9425,0.9843,0.9576,1.0080,0.9735,0.0024,pear
female,0.9515,0.9825,0.9685,1.0049,0.9703,0.0009,pear
female,0.9538,0.9769,0.9763,1.0058,0.9826,0.0158,pear
female,0.9488,0.9829,0.9654,1.0215,0.9666,0.0095,pear
female,0.9497,0.9851,0.9641,1.0181,0.9844,0.0095,pear
female,0.9503,0.9836,0.9661,1.0183,0.9717,0.0069,pear
female,0.9549,0.9779,0.9765,1.0124,0.9956,0.0023,pear
female,0.9426,0.9867,0.9553,0.9946,0.9849,0.0175,pear
female,0.9408,0.9791,0.9609,0.9936,0.9678,0.0135,pear
female,0.9421,0.9860,0.9555,1.0274,0.9625,0.0097,pear
female,0.9607,0.9896,0.9708,1.0159,0.9745,0.0045,pear
female,0.9559,0.9905,0.9651,1.0019,0.9758,0.0003,pear
female,0.9505,0.9842,0.9658,1.0091,0.9862,0.0090,pear
female,0.9522,0.9840,0.9676,1.0128,0.9839,0.0027,pear
female,0.9484,0.9833,0.9645,1.0120,0.9561,0.0046,pear
female,0.9488,0.9863,0.9620,1.0210,0.9618,0.0032,pear
female,0.9423,0.9845,0.9571,1.0064,0.9784,0.0052,pear
female,0.9451,0.9823,0.9621,1.0004,0.9975,0.0091,pear
female,0.9489,0.9870,0.9614,1.0264,0.9956,0.0035,pear
female,0.9464,0.9874,0.9585,1.0090,0.9699,0.0051,pear
female,0.9497,0.9756,0.9734,1.0141,0.9996,0.0096,pear
female,0.9436,0.9844,0.9586,1.0317,0.9970,0.0176,pear
female,0.9496,0.9799,0.9691,1.0154,0.9965,0.0015,pear
female,0.9478,0.9834,0.9638,1.0094,0.9884,0.0033,pear
female,0.9474,0.9838,0.9630,1.0117,0.9580,0.0105,pear
female,0.9445,0.9936,0.9506,1.0233,0.9957,0.0027,pear
female,0.9477,0.9817,0.9654,1.0190,0.9663,0.0050,pear
female,0.9522,0.9840,0.9677,1.0250,0.9605,0.0155,pear
female,0.9456,0.9705,0.9744,1.0181,0.9588,0.0079,pear
female,0.9510,0.9823,0.9681,1.0114,0.9724,0.0101,pear
female,0.9449,0.9816,0.9627,1.0022,0.9663,0.0001,pear
female,0.9483,0.9820,0.9656,1.0072,0.9606,0.0002,pear
female,0.9529,0.9866,0.9659,1.0185,0.9758,0.0029,pear
female,0.9518,0.9862,0.9651,1.0234,0.9567,0.0079,pear
female,0.9482,0.9945,0.9535,1.0157,0.9924,0.0025,pear
female,0.9566,0.9802,0.9759,1.0101,0.9909,0.0120,pear
female,0.9357,0.9853,0.9497,1.0180,0.9538,0.0101,pear
female,0.9525,0.9966,0.9558,1.0213,0.9533,0.0138,pear
female,0.9525,0.9792,0.9728,1.0220,0.9817,0.0127,pear
female,0.9407,0.9867,0.9533,1.0222,0.9689,0.0114,pear
female,0.9437,0.9845,0.9586,1.0179,0.9570,0.0059,pear
female,0.9390,0.9869,0.9515,1.0181,0.9740,0.0028,pear
female,0.9494,0.9640,0.9849,1.0112,0.9869,0.0029,pear
female,0.9488,0.9765,0.9716,1.0145,0.9823,0.0026,pear
female,0.9555,0.9888,0.9664,1.0396,0.9556,0.0002,pear
female,0.9418,0.9793,0.9617,1.0083,0.9528,0.0107,pear
female,0.9419,0.9737,0.9674,1.0178,0.9565,0.0019,pear
female,0.9494,0.9873,0.9616,1.0246,0.9503,0.0042,pear
female,0.9395,0.9879,0.9510,1.0269,0.9945,0.0005,pear
female,0.9611,0.9849,0.9758,1.0227,0.9902,0.0013,pear
female,0.9533,0.9818,0.9710,1.0268,0.9556,0.0090,pear
female,0.9361,0.9842,0.9512,1.0218,0.9999,0.0122,pear
female,0.9438,0.9864,0.9569,1.0112,0.9771,0.0053,pear
female,0.9476,0.9832,0.9638,1.0166,0.9717,0.0030,pear
female,0.9467,0.9833,0.9628,0.9940,0.9916,0.0117,pear
female,0.9503,0.9869,0.9630,1.0207,0.9636,0.0049,pear
female,0.9499,0.9838,0.9655,1.0091,0.9883,0.0036,pear
female,0.9552,0.9768,0.9779,1.0226,0.9875,0.0005,pear
female,0.9485,0.9822,0.9656,1.0132,0.9764,0.0175,pear
female,0.9487,0.9843,0.9638,1.0074,0.9864,0.0066,pear
female,0.9456,0.9855,0.9595,1.0130,0.9524,0.0123,pear
female,0.9584,0.9885,0.9695,1.0277,0.9599,0.0052,pear
female,0.9472,0.9863,0.9603,1.0222,0.9652,0.0004,pear
female,0.9508,0.9829,0.9673,1.0132,0.9530,0.0028,pear
female,0.9494,0.9786,0.9702,1.0033,0.9907,0.0028,pear
female,0.9526,0.9870,0.9652,1.0091,0.9737,0.0143,pear
female,0.9437,0.9863,0.9567,1.0225,0.9819,0.0214,pear
female,0.9557,0.9785,0.9767,1.0367,0.9847,0.0181,pear
female,0.9450,0.9724,0.9717,1.0130,0.9548,0.0067,pear
female,0.9559,0.9815,0.9740,1.0148,0.9805,0.0000,pear
female,0.9512,0.9880,0.9627,1.0078,0.9975,0.0136,pear
female,0.9497,0.9794,0.9697,1.0042,0.9985,0.0231,pear
female,0.9492,0.9807,0.9678,1.0276,0.9903,0.0126,pear
female,0.9443,0.9890,0.9548,1.0132,0.9792,0.0020,pear
female,0.9391,0.9750,0.9632,1.0071,0.9803,0.0117,pear
female,0.9564,0.9739,0.9820,1.0071,0.9732,0.0035,pear
female,0.9486,0.9907,0.9575,1.0105,0.9666,0.0103,pear
female,0.9512,0.9850,0.9657,1.0302,0.9963,0.0027,pear
female,0.9534,0.9776,0.9753,1.0189,0.9897,0.0036,pear
female,0.9492,0.9834,0.9652,1.0131,0.9757,0.0012,pear
female,0.9541,0.9811,0.9724,1.0178,0.9939,0.0051,pear
female,0.9566,0.9833,0.9728,1.0142,0.9699,0.0103,pear
female,0.9532,0.9876,0.9652,1.0061,0.9939,0.0107,pear
female,0.9446,0.9783,0.9656,1.0102,0.9538,0.0107,pear
female,0.9468,0.9877,0.9586,1.0078,0.9768,0.0194,pear
female,0.9455,0.9765,0.9683,1.0031,0.9958,0.0105,pear
female,0.9578,0.9864,0.9710,1.0093,0.9805,0.0150,pear
female,0.9445,0.9765,0.9672,0.9972,0.9957,0.0015,pear
female,0.9509,0.9800,0.9703,1.0226,0.9607,0.0054,pear
female,0.9492,0.9767,0.9718,1.0086,0.9631,0.0124,pear
female,0.9468,0.9847,0.9615,1.0077,0.9963,0.0024,pear
female,0.9472,0.9729,0.9736,1.0088,0.9960,0.0127,pear
female,0.9511,0.9830,0.9676,0.9888,0.9636,0.0069,pear
female,0.9457,0.9808,0.9642,1.0051,0.9890,0.0057,pear
female,0.9497,0.9745,0.9746,1.0045,0.9516,0.0062,pear
female,0.9491,0.9807,0.9677,1.0370,0.9790,0.0152,pear
female,0.9526,0.9834,0.9687,1.0104,0.9611,0.0000,pear
female,0.9423,0.9865,0.9552,1.0240,0.9565,0.0013,pear
female,0.9498,0.9815,0.9677,1.0003,0.9541,0.0122,pear
female,0.9543,0.9790,0.9748,1.0012,0.9520,0.0022,pear
female,0.9441,0.9903,0.9533,1.0141,0.9526,0.0058,pear
female,0.9440,0.9838,0.9595,1.0188,0.9807,0.0037,pear
female,0.9491,0.9854,0.9631,1.0163,0.9990,0.0017,pear
female,0.9456,0.9817,0.9632,1.0308,0.9564,0.0119,pear
female,0.9533,0.9836,0.9692,1.0134,0.9625,0.0004,pear
female,0.9456,0.9808,0.9641,1.0054,0.9731,0.0006,pear
female,0.9423,0.9788,0.9628,0.9958,0.9915,0.0018,pear
female,0.9533,0.9775,0.9753,1.0162,0.9904,0.0056,pear
female,0.9401,0.9898,0.9497,1.0088,0.9805,0.0074,pear
female,0.9473,0.9838,0.9629,1.0341,0.9661,0.0023,pear
female,0.9483,0.9713,0.9763,0.9979,0.9746,0.0242,pear
female,0.9460,0.9815,0.9637,1.0268,0.9530,0.0026,pear
female,0.9472,0.9809,0.9656,1.0046,0.9576,0.0014,pear
female,0.9562,0.9877,0.9681,1.0165,0.9576,0.0122,pear
female,0.9569,0.9825,0.9740,1.0253,0.9766,0.0097,pear
female,0.9458,0.9751,0.9699,1.0116,0.9808,0.0055,pear
female,0.9441,0.9883,0.9553,1.0274,0.9520,0.0068,pear
female,0.9555,0.9893,0.9658,1.0137,0.9664,0.0054,pear
female,0.9427,0.9779,0.9640,1.0054,0.9754,0.0009,pear
female,0.9401,0.9802,0.9591,1.0134,0.9563,0.0061,pear
female,0.9504,0.9837,0.9661,1.0008,0.9568,0.0046,pear
female,0.9492,0.9888,0.9599,1.0221,0.9649,0.0179,pear
female,0.9500,0.9892,0.9603,1.0160,0.9940,0.0056,pear
female,0.9525,0.9834,0.9686,1.0288,0.9755,0.0035,pear
female,0.9541,0.9853,0.9683,1.0024,0.9695,0.0093,pear
female,0.9463,0.9769,0.9686,1.0291,0.9824,0.0076,pear
female,0.9513,0.9825,0.9683,0.9975,0.9667,0.0039,pear
female,0.9507,0.9817,0.9685,1.0069,0.9790,0.0037,pear
female,0.9470,0.9818,0.9645,1.0144,0.9942,0.0103,pear
female,0.9563,0.9847,0.9712,1.0225,0.9986,0.0133,pear
female,0.9577,0.9909,0.9666,1.0267,0.9997,0.0042,pear
female,0.9523,0.9804,0.9713,1.0128,0.9941,0.0002,pear
female,0.9415,0.9730,0.9676,1.0117,0.9512,0.0133,pear
female,0.9441,0.9844,0.9591,1.0196,0.9935,0.0041,pear
female,0.9456,0.9860,0.9590,1.0350,0.9989,0.0045,pear
female,0.9518,0.9851,0.9662,1.0146,0.9869,0.0143,pear
female,0.9468,0.9839,0.9623,1.0019,0.9701,0.0106,pear
female,0.9483,0.9884,0.9595,1.0151,0.9764,0.0083,pear
female,0.9500,0.9896,0.9600,1.0237,0.9622,0.0116,pear
female,0.9512,0.9828,0.9678,1.0276,0.9608,0.0024,pear
female,0.9508,0.9856,0.9647,1.0162,0.9970,0.0048,pear
female,0.9513,0.9838,0.9669,1.0110,0.9888,0.0001,pear
female,0.9471,0.9888,0.9579,1.0281,0.9992,0.0071,pear
female,0.9456,0.9899,0.9553,1.0160,0.9695,0.0032,pear
female,0.9591,0.9820,0.9766,1.0063,0.9695,0.0006,pear
female,0.9478,0.9842,0.9630,1.0204,0.9603,0.0069,pear
female,0.9523,0.9709,0.9808,1.0203,0.9781,0.0112,pear
female,0.9432,0.9797,0.9628,1.0201,0.9789,0.0079,pear
female,0.9476,0.9845,0.9626,1.0296,0.9945,0.0128,pear
female,0.9425,0.9752,0.9665,1.0072,0.9705,0.0092,pear
female,0.9424,0.9788,0.9628,1.0274,0.9690,0.0009,pear
female,0.9603,0.9832,0.9768,1.0142,0.9992,0.0099,pear
female,0.9531,0.9800,0.9726,1.0205,0.9821,0.0014,pear
female,0.9470,0.9824,0.9640,1.0047,0.9919,0.0083,pear
female,0.9493,0.9808,0.9679,1.0069,0.9945,0.0178,pear
female,0.9446,0.9820,0.9619,1.0193,0.9859,0.0091,pear
female,0.9397,0.9909,0.9484,1.0211,0.9686,0.0085,pear
female,0.9551,0.9817,0.9729,1.0156,0.9574,0.0041,pear
female,0.9439,0.9856,0.9577,1.0024,0.9696,0.0129,pear
female,0.9539,0.9910,0.9626,1.0199,0.9506,0.0109,pear
female,0.9567,0.9811,0.9751,1.0150,0.9761,0.0013,pear
female,0.9477,0.9828,0.9643,1.0276,0.9773,0.0116,pear
female,0.9477,0.9786,0.9684,1.0220,0.9517,0.0060,pear
female,0.9444,0.9907,0.9532,1.0017,0.9750,0.0074,pear
female,0.9455,0.9818,0.9630,1.0219,0.9769,0.0121,pear
female,0.9551,0.9836,0.9710,0.9972,0.9889,0.0045,pear
female,0.9454,0.9860,0.9588,1.0214,0.9887,0.0036,pear
female,0.9559,0.9829,0.9725,1.0254,0.9858,0.0089,pear
female,0.9489,0.9805,0.9678,1.0250,0.9783,0.0022,pear
female,0.9540,0.9796,0.9739,1.0232,0.9772,0.0002,pear
female,0.9404,0.9875,0.9522,1.0317,0.9539,0.0034,pear
female,0.9444,0.9853,0.9585,1.0056,0.9750,0.0156,pear
female,0.9491,0.9785,0.9700,1.0101,0.9634,0.0085,pear
female,0.9496,0.9846,0.9645,1.0152,0.9725,0.0086,pear
female,0.9474,0.9840,0.9628,1.0081,0.9581,0.0089,pear
female,0.9474,0.9808,0.9660,1.0112,0.9791,0.0168,pear
female,0.9555,0.9810,0.9740,1.0185,0.9738,0.0069,pear
female,0.9570,0.9839,0.9726,1.0064,0.9892,0.0089,pear
female,0.9436,0.9860,0.9570,1.0006,0.9569,0.0128,pear
female,0.9414,0.9800,0.9606,1.0023,0.9814,0.0003,pear
female,0.9463,0.9829,0.9628,1.0154,0.9680,0.0016,pear
female,0.9563,0.9749,0.9809,1.0206,0.9868,0.0047,pear
female,0.9435,0.9844,0.9585,1.0267,0.9565,0.0061,pear
female,0.9525,0.9733,0.9786,1.0100,0.9596,0.0039,pear
female,0.9491,0.9883,0.9603,1.0021,0.9799,0.0032,pear
female,0.9558,0.9848,0.9705,0.9920,0.9575,0.0189,pear
female,0.9458,0.9831,0.9620,1.0049,0.9765,0.0001,pear
female,0.9444,0.9826,0.9611,0.9988,0.9777,0.0194,pear
female,0.9482,0.9881,0.9597,1.0166,0.9807,0.0044,pear
female,0.9511,0.9841,0.9664,1.0195,0.9619,0.0066,pear
female,0.9591,0.9811,0.9775,1.0206,0.9990,0.0188,pear
female,0.9460,0.9938,0.9520,1.0175,0.9501,0.0101,pear
female,0.9444,0.9817,0.9619,1.0197,0.9648,0.0094,pear
female,0.9532,0.9816,0.9711,1.0301,0.9829,0.0010,pear
female,0.9457,0.9823,0.9628,1.0199,0.9769,0.0101,pear
female,0.9491,0.9783,0.9702,1.0194,0.9639,0.0154,pear
female,0.9492,0.9808,0.9678,1.0151,0.9658,0.0140,pear
female,0.9528,0.9820,0.9703,1.0172,0.9884,0.0092,pear
female,0.9475,0.9836,0.9634,1.0205,0.9892,0.0021,pear
female,0.9613,0.9915,0.9695,1.0029,0.9509,0.0094,pear
female,0.9435,0.9756,0.9671,1.0137,0.9703,0.0215,pear
female,0.9430,0.9884,0.9540,1.0255,0.9819,0.0076,pear
female,0.9539,0.9820,0.9714,1.0184,0.9762,0.0059,pear
female,0.9386,0.9751,0.9625,1.0396,0.9717,0.0055,pear
female,0.9527,0.9886,0.9637,0.9920,0.9840,0.0162,pear
female,0.9477,0.9879,0.9593,1.0053,0.9810,0.0098,pear
female,0.9492,0.9868,0.9619,1.0215,0.9719,0.0163,pear
female,0.9405,0.9766,0.9631,1.0097,0.9796,0.0104,pear
female,0.9552,0.9817,0.9730,0.9927,0.9749,0.0025,pear
female,0.9474,0.9782,0.9685,1.0055,0.9580,0.0052,pear
female,0.9498,0.9799,0.9693,1.0078,0.9702,0.0019,pear
female,0.9542,0.9801,0.9736,1.0184,0.9678,0.0079,pear
female,0.9482,0.9834,0.9642,1.0170,0.9508,0.0039,pear
female,0.9470,0.9817,0.9647,1.0134,0.9758,0.0092,pear
female,0.9472,0.9818,0.9648,1.0097,0.9524,0.0183,pear
female,0.9489,0.9842,0.9642,1.0138,0.9684,0.0094,pear
female,0.9483,0.9744,0.9732,1.0095,0.9672,0.0119,pear
female,0.9475,0.9844,0.9625,1.0197,0.9852,0.0089,pear
female,0.9440,0.9784,0.9648,1.0032,0.9923,0.0044,pear
female,0.9388,0.9807,0.9572,1.0076,0.9875,0.0039,pear
female,0.9417,0.9846,0.9565,1.0018,0.9743,0.0076,pear
female,0.9545,0.9811,0.9729,1.0018,0.9850,0.0082,pear
female,0.9482,0.9860,0.9617,1.0201,0.9877,0.0102,pear
female,0.9426,0.9911,0.9511,1.0101,0.9552,0.0200,pear
female,0.9515,0.9928,0.9585,1.0321,0.9808,0.0236,pear
female,0.9469,0.9829,0.9634,1.0176,0.9633,0.0076,pear
female,0.9544,0.9861,0.9679,1.0134,0.9981,0.0025,pear
female,0.9468,0.9824,0.9638,1.0198,0.9886,0.0074,pear
female,0.9495,0.9830,0.9660,1.0045,0.9569,0.0154,pear
female,0.9473,0.9886,0.9582,1.0087,0.9641,0.0056,pear
female,0.9503,0.9769,0.9728,1.0086,0.9637,0.0056,pear
female,0.9432,0.9798,0.9627,1.0139,0.9825,0.0086,pear
female,0.9433,0.9846,0.9580,1.0052,0.9963,0.0083,pear
female,0.9540,0.9857,0.9678,1.0134,0.9797,0.0024,pear
female,0.9496,0.9872,0.9619,1.0118,0.9864,0.0058,pear
female,0.9519,0.9869,0.9646,1.0022,0.9597,0.0062,pear
female,0.9490,0.9814,0.9670,1.0134,0.9914,0.0065,pear
female,0.9557,0.9816,0.9736,1.0080,0.9852,0.0181,pear
female,0.9475,0.9737,0.9730,1.0121,0.9602,0.0027,pear
female,0.9465,0.9809,0.9649,1.0160,0.9502,0.0056,pear
female,0.9424,0.9862,0.9556,0.9816,0.9870,0.0086,pear
female,0.9560,0.9864,0.9692,1.0080,0.9893,0.0135,pear
female,0.9522,0.9719,0.9797,1.0116,0.9849,0.0010,pear
female,0.9385,0.9765,0.9611,1.0081,0.9997,0.0268,pear
female,0.9382,0.9817,0.9557,1.0243,0.9577,0.0016,pear
female,0.9554,0.9867,0.9683,0.9990,0.9730,0.0014,pear
female,0.9525,0.9882,0.9639,1.0170,0.9768,0.0090,pear
female,0.9425,0.9733,0.9684,1.0104,0.9771,0.0052,pear
female,0.9543,0.9862,0.9677,1.0159,0.9639,0.0036,pear
female,0.9470,0.9832,0.9632,1.0147,0.9826,0.0125,pear
female,0.9453,0.9792,0.9654,1.0112,0.9512,0.0204,pear
female,0.9597,0.9865,0.9728,0.9981,0.9690,0.0232,pear
female,0.9526,0.9803,0.9718,1.0082,0.9712,0.0149,pear
female,0.9568,0.9830,0.9734,1.0118,0.9786,0.0049,pear
female,0.9506,0.9856,0.9645,1.0127,0.9833,0.0017,pear
female,0.9583,0.9832,0.9747,1.0352,0.9672,0.0133,pear
female,0.9420,0.9874,0.9541,1.0195,0.9793,0.0238,pear
female,0.9446,0.9827,0.9612,1.0166,0.9780,0.0129,pear
female,0.9477,0.9874,0.9597,1.0172,0.9863,0.0106,pear
female,0.9516,0.9850,0.9660,1.0257,0.9557,0.0096,pear
female,0.9494,0.9815,0.9673,1.0317,0.9535,0.0003,pear
female,0.9574,0.9849,0.9720,1.0042,0.9745,0.0052,pear
female,0.9418,0.9827,0.9584,1.0046,0.9700,0.0029,pear
female,0.9489,0.9899,0.9585,1.0161,0.9577,0.0132,pear
female,0.9546,0.9820,0.9721,1.0186,0.9826,0.0158,pear
female,0.9546,0.9820,0.9722,1.0202,0.9588,0.0208,pear
female,0.9410,0.9868,0.9537,0.9916,0.9816,0.0035,pear
female,0.9134,1.0126,0.9020,1.0770,0.9537,0.0117,rectangle
female,0.9121,1.0231,0.8914,1.0886,0.9580,0.0053,rectangle
female,0.9097,1.0184,0.8933,1.1045,0.9521,0.0043,rectangle
female,0.9144,1.0170,0.8991,1.0841,0.9597,0.0037,rectangle
female,0.9079,1.0256,0.8853,1.0918,0.9535,0.0088,rectangle
female,0.9154,1.0116,0.9049,1.0960,0.9903,0.0070,rectangle
female,0.9080,1.0161,0.8936,1.0974,0.9586,0.0061,rectangle
female,0.9075,1.0206,0.8892,1.1018,0.9712,0.0109,rectangle
female,0.9096,1.0168,0.8946,1.0657,0.9517,0.0078,rectangle
female,0.9070,1.0187,0.8903,1.1020,0.9837,0.0044,rectangle
female,0.9105,1.0140,0.8979,1.0831,0.9509,0.0203,rectangle
female,0.9115,1.0322,0.8831,1.0784,0.9772,0.0022,rectangle
female,0.9102,1.0188,0.8933,1.0792,0.9769,0.0109,rectangle
female,0.9158,1.0116,0.9054,1.0779,0.9615,0.0111,rectangle
female,0.9091,1.0172,0.8937,1.0813,0.9726,0.0004,rectangle
female,0.9105,1.0140,0.8979,1.0880,0.9724,0.0021,rectangle
female,0.9133,1.0140,0.9007,1.1041,0.9681,0.0064,rectangle
female,0.9099,1.0185,0.8934,1.1008,0.9732,0.0131,rectangle
female,0.9165,1.0113,0.9063,1.0978,0.9683,0.0092,rectangle
female,0.9226,1.0246,0.9004,1.0822,0.9866,0.0188,rectangle
female,0.9086,1.0177,0.8928,1.0933,0.9980,0.0135,rectangle
female,0.9111,1.0177,0.8953,1.0865,0.9914,0.0045,rectangle
female,0.9208,1.0192,0.9034,1.0890,0.9736,0.0205,rectangle
female,0.9059,1.0096,0.8973,1.0775,0.9775,0.0034,rectangle
female,0.9049,1.0189,0.8881,1.0959,0.9887,0.0027,rectangle
female,0.9180,1.0271,0.8938,1.0877,0.9531,0.0153,rectangle
female,0.9080,1.0212,0.8892,1.0844,0.9705,0.0126,rectangle
female,0.9103,1.0208,0.8917,1.0853,0.9633,0.0067,rectangle
female,0.9021,1.0214,0.8832,1.0688,0.9667,0.0043,rectangle
female,0.9215,1.0129,0.9098,1.0798,0.9910,0.0086,rectangle
female,0.9152,1.0184,0.8987,1.1010,0.9800,0.0247,rectangle
female,0.9134,1.0177,0.8975,1.1080,0.9753,0.0143,rectangle
female,0.9054,1.0144,0.8926,1.1022,0.9853,0.0162,rectangle
female,0.9183,1.0186,0.9015,1.0877,0.9908,0.0053,rectangle
female,0.9151,1.0204,0.8968,1.0761,0.9789,0.0109,rectangle
female,0.9106,1.0257,0.8877,1.0880,0.9609,0.0044,rectangle
female,0.9132,1.0094,0.9046,1.0921,0.9658,0.0228,rectangle
female,0.9052,1.0206,0.8870,1.0833,0.9912,0.0065,rectangle
female,0.9110,1.0155,0.8971,1.0917,0.9744,0.0058,rectangle
female,0.9056,1.0148,0.8924,1.0924,0.9741,0.0115,rectangle
female,0.9012,1.0163,0.8868,1.0599,0.9500,0.0139,rectangle
female,0.8996,1.0223,0.8800,1.0785,0.9607,0.0041,rectangle
female,0.9106,1.0116,0.9002,1.0939,0.9696,0.0116,rectangle
female,0.9148,1.0161,0.9002,1.0926,0.9984,0.0038,rectangle
female,0.9198,1.0131,0.9079,1.0886,0.9641,0.0008,rectangle
female,0.9111,1.0230,0.8905,1.0697,0.9562,0.0021,rectangle
female,0.9173,1.0162,0.9027,1.1070,0.9828,0.0143,rectangle
female,0.9173,1.0167,0.9023,1.0880,0.9640,0.0017,rectangle
female,0.9133,1.0202,0.8952,1.0934,0.9841,0.0068,rectangle
female,0.9148,1.0111,0.9047,1.0752,0.9797,0.0178,rectangle
female,0.9110,1.0232,0.8904,1.1136,0.9793,0.0134,rectangle
female,0.9175,1.0204,0.8992,1.0964,0.9959,0.0012,rectangle
female,0.9103,1.0172,0.8950,1.0787,0.9613,0.0042,rectangle
female,0.9132,1.0110,0.9033,1.0925,0.9508,0.0136,rectangle
female,0.9086,1.0132,0.8968,1.0725,0.9545,0.0012,rectangle
female,0.9057,1.0111,0.8958,1.0938,0.9802,0.0151,rectangle
female,0.9195,1.0138,0.9069,1.0995,0.9717,0.0084,rectangle
female,0.9045,1.0122,0.8936,1.0802,0.9776,0.0055,rectangle
female,0.8997,1.0234,0.8791,1.0749,0.9667,0.0056,rectangle
female,0.9096,1.0195,0.8922,1.0966,0.9783,0.0031,rectangle
female,0.9073,1.0246,0.8855,1.1059,0.9774,0.0108,rectangle
female,0.9131,1.0211,0.8943,1.0811,0.9570,0.0074,rectangle
female,0.9119,1.0204,0.8936,1.0943,0.9886,0.0334,rectangle
female,0.9071,1.0212,0.8882,1.0943,0.9825,0.0088,rectangle
female,0.9189,1.0134,0.9067,1.1049,0.9966,0.0038,rectangle
female,0.9139,1.0142,0.9011,1.0859,0.9621,0.0035,rectangle
female,0.9181,1.0118,0.9074,1.0938,0.9738,0.0140,rectangle
female,0.9140,1.0178,0.8980,1.1052,0.9845,0.0224,rectangle
female,0.9045,1.0154,0.8908,1.1013,0.9856,0.0002,rectangle
female,0.9105,1.0161,0.8960,1.0794,0.9699,0.0002,rectangle
female,0.9151,1.0149,0.9017,1.0761,0.9721,0.0062,rectangle
female,0.9176,1.0140,0.9049,1.0892,0.9530,0.0058,rectangle
female,0.9087,1.0131,0.8969,1.0857,0.9660,0.0006,rectangle
female,0.9134,1.0180,0.8973,1.0928,0.9611,0.0034,rectangle
female,0.9083,1.0269,0.8846,1.0756,0.9756,0.0085,rectangle
female,0.9108,1.0161,0.8964,1.1112,0.9582,0.0043,rectangle
female,0.9107,1.0283,0.8857,1.0902,0.9635,0.0158,rectangle
female,0.9139,1.0164,0.8991,1.0818,0.9914,0.0072,rectangle
female,0.9074,1.0093,0.8990,1.0906,0.9666,0.0091,rectangle
female,0.9086,1.0300,0.8821,1.0926,0.9643,0.0071,rectangle
female,0.9050,1.0154,0.8913,1.0957,0.9619,0.0045,rectangle
female,0.9112,1.0222,0.8914,1.0833,0.9890,0.0110,rectangle
female,0.9111,1.0127,0.8996,1.0943,0.9718,0.0118,rectangle
female,0.9088,1.0160,0.8945,1.1089,0.9925,0.0014,rectangle
female,0.9051,1.0147,0.8920,1.0870,0.9944,0.0135,rectangle
female,0.9071,1.0125,0.8959,1.0989,0.9511,0.0061,rectangle
female,0.9082,1.0204,0.8900,1.0952,0.9615,0.0017,rectangle
female,0.9136,1.0171,0.8982,1.0851,0.9996,0.0077,rectangle
female,0.9126,1.0168,0.8975,1.0769,0.9760,0.0067,rectangle
female,0.9123,1.0283,0.8872,1.0694,0.9605,0.0112,rectangle
female,0.9064,1.0153,0.8927,1.0665,0.9741,0.0095,rectangle
female,0.8991,1.0225,0.8793,1.0887,0.9904,0.0032,rectangle
female,0.9123,1.0202,0.8943,1.1042,0.9621,0.0122,rectangle
female,0.9172,1.0162,0.9026,1.1002,0.9703,0.0071,rectangle
female,0.9131,1.0101,0.9040,1.0904,0.9520,0.0019,rectangle
female,0.9012,1.0135,0.8893,1.0852,0.9886,0.0019,rectangle
female,0.9174,1.0157,0.9032,1.1003,0.9735,0.0143,rectangle
female,0.9143,1.0181,0.8980,1.0915,0.9842,0.0125,rectangle
female,0.9112,1.0122,0.9002,1.0824,0.9590,0.0071,rectangle
female,0.9078,1.0229,0.8875,1.0914,0.9689,0.0011,rectangle
female,0.9155,1.0081,0.9081,1.0965,0.9511,0.0117,rectangle
female,0.9077,1.0212,0.8888,1.0906,0.9968,0.0115,rectangle
female,0.9092,1.0165,0.8944,1.0780,0.9748,0.0037,rectangle
female,0.9026,1.0154,0.8889,1.0874,0.9692,0.0220,rectangle
female,0.9142,1.0238,0.8929,1.0930,0.9980,0.0146,rectangle
female,0.9114,1.0219,0.8919,1.0833,0.9883,0.0004,rectangle
female,0.9018,1.0153,0.8882,1.0939,0.9848,0.0038,rectangle
female,0.9083,1.0164,0.8937,1.0943,0.9872,0.0134,rectangle
female,0.9164,1.0081,0.9090,1.0983,0.9662,0.0084,rectangle
female,0.9120,1.0193,0.8947,1.1061,0.9558,0.0038,rectangle
female,0.9132,1.0260,0.8900,1.0955,0.9552,0.0046,rectangle
female,0.9038,1.0308,0.8768,1.0947,0.9669,0.0197,rectangle
female,0.9110,1.0168,0.8960,1.0925,0.9723,0.0188,rectangle
female,0.9089,1.0197,0.8913,1.1009,0.9584,0.0330,rectangle
female,0.9112,1.0275,0.8868,1.0815,0.9874,0.0011,rectangle
female,0.9055,1.0239,0.8844,1.0988,0.9546,0.0015,rectangle
female,0.9087,1.0068,0.9026,1.0900,0.9951,0.0001,rectangle
female,0.9026,1.0258,0.8799,1.1101,0.9500,0.0157,rectangle
female,0.9106,1.0181,0.8944,1.0723,0.9511,0.0171,rectangle
female,0.9198,1.0192,0.9025,1.0865,0.9621,0.0065,rectangle
female,0.9078,1.0200,0.8900,1.1077,0.9771,0.0278,rectangle
female,0.9137,1.0187,0.8969,1.0928,0.9795,0.0023,rectangle
female,0.9131,1.0260,0.8900,1.0899,0.9762,0.0016,rectangle
female,0.9131,1.0127,0.9016,1.0959,0.9644,0.0006,rectangle
female,0.9132,1.0272,0.8890,1.1015,0.9740,0.0011,rectangle
female,0.9176,1.0270,0.8935,1.0749,0.9851,0.0018,rectangle
female,0.9047,1.0192,0.8877,1.1105,0.9888,0.0068,rectangle
female,0.9110,1.0222,0.8912,1.1032,0.9853,0.0170,rectangle
female,0.9114,1.0174,0.8958,1.0829,0.9976,0.0126,rectangle
female,0.9069,1.0255,0.8843,1.0951,0.9591,0.0032,rectangle
female,0.9082,1.0082,0.9009,1.0975,0.9724,0.0024,rectangle
female,0.9080,1.0171,0.8927,1.0951,0.9551,0.0033,rectangle
female,0.9053,1.0139,0.8929,1.0967,0.9558,0.0124,rectangle
female,0.9104,1.0261,0.8872,1.0789,0.9629,0.0094,rectangle
female,0.9129,1.0154,0.8990,1.0955,0.9854,0.0042,rectangle
female,0.9180,1.0079,0.9108,1.0896,0.9760,0.0048,rectangle
female,0.9080,1.0116,0.8976,1.0927,0.9809,0.0040,rectangle
female,0.9113,1.0169,0.8962,1.0830,0.9656,0.0005,rectangle
female,0.9064,1.0157,0.8923,1.0960,0.9816,0.0121,rectangle
female,0.9073,1.0160,0.8929,1.0824,0.9832,0.0031,rectangle
female,0.9197,1.0186,0.9030,1.0979,0.9647,0.0173,rectangle
female,0.9092,1.0088,0.9013,1.0909,0.9956,0.0015,rectangle
female,0.9042,1.0119,0.8936,1.0857,0.9683,0.0056,rectangle
female,0.9121,1.0246,0.8902,1.1018,0.9664,0.0148,rectangle
female,0.9026,1.0192,0.8856,1.0864,0.9880,0.0023,rectangle
female,0.9052,1.0154,0.8914,1.0840,0.9513,0.0117,rectangle
female,0.9205,1.0267,0.8966,1.0904,0.9507,0.0106,rectangle
female,0.9139,1.0234,0.8930,1.0890,0.9619,0.0129,rectangle
female,0.9076,1.0225,0.8876,1.1024,0.9844,0.0111,rectangle
female,0.9036,1.0132,0.8918,1.0968,0.9788,0.0064,rectangle
female,0.9075,1.0176,0.8918,1.0694,0.9961,0.0113,rectangle
female,0.9076,1.0230,0.8872,1.0966,0.9578,0.0019,rectangle
female,0.9088,1.0194,0.8915,1.0764,0.9953,0.0033,rectangle
female,0.9149,1.0185,0.8983,1.0954,0.9556,0.0084,rectangle
female,0.9086,1.0226,0.8885,1.0892,0.9508,0.0086,rectangle
female,0.9124,1.0159,0.8981,1.0693,0.9887,0.0035,rectangle
female,0.9127,1.0177,0.8968,1.0949,0.9833,0.0231,rectangle
female,0.9174,1.0183,0.9010,1.0827,0.9870,0.0013,rectangle
female,0.9116,1.0199,0.8939,1.0945,0.9902,0.0120,rectangle
female,0.9127,1.0208,0.8942,1.0856,0.9683,0.0044,rectangle
female,0.9071,1.0153,0.8934,1.0739,0.9893,0.0101,rectangle
female,0.9146,1.0257,0.8917,1.0811,0.9516,0.0034,rectangle
female,0.9013,1.0101,0.8923,1.0891,0.9738,0.0036,rectangle
female,0.9139,1.0184,0.8974,1.0811,0.9824,0.0065,rectangle
female,0.9148,1.0201,0.8968,1.1033,0.9941,0.0001,rectangle
female,0.9200,1.0151,0.9063,1.1076,0.9956,0.0095,rectangle
female,0.9161,1.0173,0.9006,1.0861,0.9970,0.0069,rectangle
female,0.9120,1.0231,0.8914,1.0964,0.9868,0.0104,rectangle
female,0.9052,1.0178,0.8894,1.0884,0.9959,0.0058,rectangle
female,0.9109,1.0207,0.8924,1.0911,0.9705,0.0043,rectangle
female,0.9072,1.0158,0.8931,1.0878,0.9913,0.0165,rectangle
female,0.9056,1.0171,0.8904,1.0917,0.9780,0.0146,rectangle
female,0.9107,1.0168,0.8956,1.0845,0.9794,0.0161,rectangle
female,0.9122,1.0239,0.8909,1.1140,0.9611,0.0104,rectangle
female,0.9150,1.0231,0.8943,1.0894,0.9959,0.0104,rectangle
female,0.9101,1.0193,0.8929,1.0904,0.9995,0.0003,rectangle
female,0.9126,1.0192,0.8954,1.0906,0.9645,0.0089,rectangle
female,0.9130,1.0187,0.8963,1.0888,0.9517,0.0132,rectangle
female,0.9084,1.0228,0.8882,1.0944,0.9723,0.0007,rectangle
female,0.9157,1.0168,0.9005,1.0825,0.9668,0.0046,rectangle
female,0.9213,1.0218,0.9016,1.0951,0.9649,0.0035,rectangle
female,0.9118,1.0124,0.9006,1.0868,0.9544,0.0024,rectangle
female,0.9123,1.0135,0.9001,1.0834,0.9915,0.0039,rectangle
female,0.9125,1.0216,0.8932,1.0832,0.9881,0.0157,rectangle
female,0.9065,1.0123,0.8954,1.0916,0.9586,0.0032,rectangle
female,0.9185,1.0133,0.9064,1.0793,0.9947,0.0010,rectangle
female,0.9061,1.0252,0.8838,1.0751,0.9694,0.0065,rectangle
female,0.9087,1.0085,0.9011,1.0752,0.9810,0.0068,rectangle
female,0.9064,1.0202,0.8885,1.0895,0.9512,0.0032,rectangle
female,0.9184,1.0103,0.9091,1.0919,0.9842,0.0106,rectangle
female,0.9119,1.0165,0.8971,1.0980,0.9897,0.0066,rectangle
female,0.9164,1.0180,0.9002,1.0578,0.9763,0.0020,rectangle
female,0.9232,1.0149,0.9096,1.0850,0.9781,0.0065,rectangle
female,0.9080,1.0211,0.8892,1.0973,0.9948,0.0159,rectangle
female,0.9146,1.0179,0.8985,1.0847,0.9597,0.0089,rectangle
female,0.9069,1.0229,0.8866,1.0694,0.9565,0.0114,rectangle
female,0.9084,1.0158,0.8942,1.0768,0.9709,0.0182,rectangle
female,0.9114,1.0214,0.8923,1.0958,0.9992,0.0027,rectangle
female,0.9173,1.0149,0.9038,1.0837,0.9571,0.0059,rectangle
female,0.9169,1.0183,0.9005,1.0833,0.9619,0.0062,rectangle
female,0.9029,1.0136,0.8908,1.1132,0.9535,0.0080,rectangle
female,0.9118,1.0219,0.8922,1.0917,0.9625,0.0068,rectangle
female,0.9157,1.0235,0.8947,1.1025,0.9784,0.0065,rectangle
female,0.9082,1.0211,0.8894,1.0951,0.9928,0.0163,rectangle
female,0.9126,1.0107,0.9029,1.0763,0.9734,0.0112,rectangle
female,0.9084,1.0048,0.9040,1.1039,0.9610,0.0170,rectangle
female,0.9116,1.0243,0.8900,1.0840,0.9901,0.0050,rectangle
female,0.9118,1.0164,0.8971,1.1050,0.9949,0.0147,rectangle
female,0.9117,1.0152,0.8980,1.0936,0.9566,0.0075,rectangle
female,0.9119,1.0226,0.8918,1.0797,0.9904,0.0025,rectangle
female,0.9121,1.0339,0.8822,1.0964,0.9718,0.0019,rectangle
female,0.9129,1.0172,0.8975,1.1113,0.9993,0.0065,rectangle
female,0.9215,1.0169,0.9062,1.0820,0.9526,0.0021,rectangle
female,0.9200,1.0172,0.9044,1.0817,0.9678,0.0199,rectangle
female,0.9178,1.0212,0.8987,1.0933,0.9600,0.0022,rectangle
female,0.8985,1.0166,0.8838,1.0913,0.9857,0.0125,rectangle
female,0.9143,1.0276,0.8897,1.0959,0.9803,0.0238,rectangle
female,0.9134,1.0211,0.8945,1.0818,0.9900,0.0103,rectangle
female,0.9118,1.0135,0.8997,1.1011,0.9604,0.0169,rectangle
female,0.9165,1.0195,0.8989,1.0939,0.9878,0.0046,rectangle
female,0.9095,1.0105,0.9001,1.1050,0.9966,0.0024,rectangle
female,0.9124,1.0247,0.8904,1.0983,0.9576,0.0103,rectangle
female,0.9079,1.0276,0.8835,1.0914,0.9931,0.0124,rectangle
female,0.9093,1.0224,0.8893,1.0773,0.9603,0.0066,rectangle
female,0.9202,1.0216,0.9007,1.1190,0.9624,0.0020,rectangle
female,0.9212,1.0125,0.9099,1.1124,0.9800,0.0062,rectangle
female,0.9060,1.0234,0.8853,1.0872,0.9523,0.0054,rectangle
female,0.9019,1.0207,0.8835,1.0806,0.9586,0.0099,rectangle
female,0.9148,1.0248,0.8927,1.0981,0.9518,0.0061,rectangle
female,0.9123,1.0202,0.8942,1.0970,0.9937,0.0122,rectangle
female,0.9138,1.0214,0.8946,1.1037,0.9818,0.0005,rectangle
female,0.9182,1.0178,0.9022,1.0938,0.9846,0.0164,rectangle
female,0.9137,1.0157,0.8995,1.1052,0.9547,0.0016,rectangle
female,0.9071,1.0189,0.8903,1.1008,0.9952,0.0055,rectangle
female,0.9063,1.0139,0.8939,1.0816,0.9670,0.0035,rectangle
female,0.9168,1.0211,0.8978,1.0814,0.9968,0.0066,rectangle
female,0.9179,1.0019,0.9161,1.0962,0.9758,0.0176,rectangle
female,0.9078,1.0146,0.8947,1.0793,0.9970,0.0038,rectangle
female,0.9148,1.0000,0.9148,1.0850,0.9848,0.0150,rectangle
female,0.9114,1.0158,0.8973,1.0940,0.9807,0.0040,rectangle
female,0.9065,1.0218,0.8872,1.0875,0.9588,0.0063,rectangle
female,0.9015,1.0262,0.8785,1.0907,0.9802,0.0007,rectangle
female,0.9285,1.0191,0.9111,1.0985,0.9759,0.0050,rectangle
female,0.9154,1.0229,0.8949,1.0882,0.9616,0.0085,rectangle
female,0.9156,1.0178,0.8995,1.0793,0.9675,0.0000,rectangle
female,0.9130,1.0160,0.8987,1.0983,0.9694,0.0133,rectangle
female,0.9078,1.0217,0.8885,1.0867,0.9980,0.0025,rectangle
female,0.9089,1.0167,0.8940,1.1020,0.9641,0.0087,rectangle
female,0.9130,1.0121,0.9021,1.0964,0.9642,0.0041,rectangle
female,0.9160,1.0221,0.8962,1.0887,0.9916,0.0142,rectangle
female,0.8961,1.0237,0.8753,1.0761,0.9949,0.0074,rectangle
female,0.9077,1.0133,0.8958,1.0923,0.9747,0.0085,rectangle
female,0.9160,1.0179,0.8999,1.0893,0.9549,0.0226,rectangle
female,0.9146,1.0183,0.8981,1.0987,0.9510,0.0007,rectangle
female,0.9083,1.0169,0.8932,1.0925,0.9704,0.0120,rectangle
female,0.9125,1.0211,0.8937,1.0901,0.9900,0.0031,rectangle
female,0.9157,1.0226,0.8954,1.1050,0.9958,0.0042,rectangle
female,0.9103,1.0117,0.8998,1.1069,0.9678,0.0012,rectangle
female,0.9106,1.0211,0.8918,1.0923,0.9570,0.0044,rectangle
female,0.9144,1.0228,0.8939,1.0808,0.9841,0.0107,rectangle
female,0.8977,1.0178,0.8820,1.0892,0.9660,0.0140,rectangle
female,0.9117,1.0139,0.8992,1.0886,0.9878,0.0113,rectangle
female,0.9128,1.0069,0.9065,1.0883,0.9905,0.0257,rectangle
female,0.9064,1.0128,0.8950,1.1125,0.9701,0.0064,rectangle
female,0.9132,1.0180,0.8970,1.0850,0.9780,0.0037,rectangle
female,0.9138,1.0200,0.8958,1.0884,0.9857,0.0016,rectangle
female,0.9225,1.0236,0.9012,1.0996,0.9628,0.0034,rectangle
female,0.9044,1.0153,0.8908,1.0970,0.9577,0.0062,rectangle
female,0.9174,1.0145,0.9043,1.1082,0.9820,0.0137,rectangle
female,0.9109,1.0227,0.8907,1.0924,0.9731,0.0046,rectangle
female,0.9177,1.0224,0.8976,1.0809,0.9661,0.0128,rectangle
female,0.9057,1.0154,0.8919,1.1009,0.9518,0.0126,rectangle
female,0.9147,1.0143,0.9018,1.0965,0.9885,0.0060,rectangle
female,0.9171,1.0125,0.9058,1.1086,0.9663,0.0091,rectangle
female,0.9037,1.0159,0.8895,1.0897,0.9534,0.0012,rectangle
female,0.9139,1.0164,0.8991,1.1072,0.9920,0.0090,rectangle
female,0.9141,1.0195,0.8966,1.0773,0.9741,0.0075,rectangle
female,0.9087,1.0185,0.8922,1.0919,0.9660,0.0052,rectangle
female,0.9098,1.0139,0.8973,1.1069,0.9611,0.0008,rectangle
female,0.9115,1.0126,0.9002,1.0907,0.9633,0.0102,rectangle
female,0.9096,1.0206,0.8913,1.0835,0.9943,0.0030,rectangle
female,0.9136,1.0192,0.8964,1.0902,0.9951,0.0060,rectangle
female,0.9127,1.0237,0.8916,1.0858,0.9947,0.0009,rectangle
female,0.9027,1.0181,0.8866,1.0900,0.9877,0.0060,rectangle
female,0.9053,1.0120,0.8946,1.0814,0.9923,0.0004,rectangle
female,0.9042,1.0068,0.8981,1.0876,0.9707,0.0125,rectangle
female,0.9110,1.0248,0.8890,1.0937,0.9674,0.0018,rectangle
female,0.9120,1.0173,0.8966,1.0961,0.9576,0.0109,rectangle
female,0.9097,1.0205,0.8914,1.0946,0.9721,0.0094,rectangle
female,0.9295,1.0275,0.9046,1.0950,0.9677,0.0022,rectangle
female,0.9146,1.0197,0.8969,1.0984,0.9677,0.0097,rectangle
female,0.9145,1.0170,0.8992,1.0786,0.9580,0.0077,rectangle
female,0.9116,1.0108,0.9019,1.0859,0.9804,0.0076,rectangle
female,0.9124,1.0237,0.8913,1.0995,0.9756,0.0057,rectangle
female,0.9143,1.0209,0.8957,1.0845,0.9504,0.0204,rectangle
female,0.9201,1.0178,0.9040,1.0711,0.9858,0.0007,rectangle
female,0.9145,1.0144,0.9016,1.0924,0.9666,0.0025,rectangle
female,0.9116,1.0099,0.9027,1.0936,0.9724,0.0117,rectangle
female,0.9181,1.0182,0.9017,1.1003,0.9870,0.0067,rectangle
female,0.9090,1.0216,0.8897,1.0893,0.9919,0.0038,rectangle
female,0.8982,1.0121,0.8875,1.0957,0.9647,0.0024,rectangle
female,0.9148,1.0192,0.8975,1.0886,0.9711,0.0042,rectangle
female,0.9111,1.0163,0.8964,1.0994,0.9892,0.0066,rectangle
female,0.9144,1.0114,0.9042,1.0954,0.9989,0.0024,rectangle
female,0.9047,1.0159,0.8906,1.0961,0.9827,0.0071,rectangle
female,0.9073,1.0202,0.8894,1.0838,0.9727,0.0090,rectangle
female,0.8983,1.0237,0.8774,1.0980,0.9837,0.0019,rectangle
female,0.9038,1.0255,0.8813,1.0868,0.9678,0.0029,rectangle
female,0.9129,1.0176,0.8971,1.0814,0.9534,0.0046,rectangle
female,0.9145,1.0129,0.9029,1.0910,0.9629,0.0051,rectangle
female,0.9101,1.0228,0.8899,1.0866,0.9994,0.0012,rectangle
female,0.9096,1.0114,0.8994,1.0910,0.9856,0.0189,rectangle
female,0.9131,1.0177,0.8972,1.0971,0.9766,0.0058,rectangle
female,0.9152,1.0180,0.8990,1.0902,0.9682,0.0003,rectangle
female,0.9103,1.0230,0.8898,1.0734,0.9835,0.0037,rectangle
female,0.9139,1.0188,0.8970,1.0969,0.9920,0.0288,rectangle
female,0.9110,1.0124,0.8998,1.1078,0.9969,0.0193,rectangle
female,0.9129,1.0074,0.9062,1.0888,0.9902,0.0013,rectangle
female,0.9062,1.0112,0.8962,1.0990,0.9629,0.0010,rectangle
female,0.9199,1.0220,0.9001,1.0757,0.9678,0.0008,rectangle
female,0.9091,1.0149,0.8957,1.0954,0.9853,0.0192,rectangle
female,0.9120,1.0166,0.8971,1.0808,0.9866,0.0072,rectangle
female,0.9126,1.0218,0.8932,1.0885,0.9603,0.0088,rectangle
female,0.9122,1.0271,0.8881,1.0955,0.9568,0.0073,rectangle
female,0.9106,1.0232,0.8900,1.1019,0.9613,0.0063,rectangle
female,0.9129,1.0125,0.9016,1.0700,0.9554,0.0134,rectangle
female,0.9029,1.0203,0.8850,1.0901,0.9544,0.0160,rectangle
female,0.9066,1.0155,0.8927,1.1005,0.9777,0.0025,rectangle
female,0.9137,1.0206,0.8953,1.0803,0.9617,0.0023,rectangle
female,0.9040,1.0123,0.8929,1.0875,0.9519,0.0079,rectangle
female,0.9070,1.0257,0.8843,1.1006,0.9776,0.0097,rectangle
female,0.9186,1.0181,0.9023,1.0975,0.9947,0.0036,rectangle
female,0.9085,1.0182,0.8923,1.0964,0.9747,0.0132,rectangle
female,0.9145,1.0067,0.9084,1.1047,0.9954,0.0018,rectangle
female,0.9080,1.0226,0.8879,1.0734,0.9814,0.0039,rectangle
female,0.9138,1.0193,0.8965,1.0962,0.9978,0.0203,rectangle
female,0.9053,1.0123,0.8943,1.0851,0.9855,0.0076,rectangle
female,0.9096,1.0243,0.8880,1.1098,0.9797,0.0153,rectangle
female,0.9115,1.0124,0.9004,1.0875,0.9616,0.0085,rectangle
female,0.9218,1.0102,0.9125,1.0864,0.9981,0.0021,rectangle
female,0.9132,1.0206,0.8947,1.0867,0.9753,0.0020,rectangle
female,0.9165,1.0228,0.8961,1.0819,0.9797,0.0158,rectangle
female,0.9090,1.0160,0.8947,1.0975,0.9659,0.0020,rectangle
female,0.9162,1.0190,0.8991,1.0867,0.9763,0.0070,rectangle
female,0.9094,1.0253,0.8869,1.0927,0.9594,0.0046,rectangle
female,0.9105,1.0166,0.8956,1.0952,0.9586,0.0179,rectangle
female,0.9168,1.0071,0.9103,1.0996,0.9767,0.0160,rectangle
female,0.9090,1.0126,0.8977,1.1020,0.9591,0.0053,rectangle
female,0.9088,1.0198,0.8911,1.0952,0.9855,0.0021,rectangle
female,0.9079,1.0112,0.8978,1.0935,0.9834,0.0025,rectangle
female,1.0473,0.8735,1.1990,1.2261,0.9609,0.0007,inverted_triangle
female,1.0468,0.8876,1.1793,1.2252,0.9751,0.0001,inverted_triangle
female,1.0434,0.8833,1.1812,1.2320,0.9638,0.0094,inverted_triangle
female,1.0452,0.8803,1.1874,1.2271,0.9612,0.0001,inverted_triangle
female,1.0465,0.8882,1.1782,1.2072,0.9980,0.0062,inverted_triangle
female,1.0478,0.8873,1.1809,1.2230,0.9648,0.0006,inverted_triangle
female,1.0453,0.8814,1.1859,1.2284,0.9661,0.0117,inverted_triangle
female,1.0377,0.8797,1.1796,1.2142,0.9516,0.0040,inverted_triangle
female,1.0466,0.8957,1.1685,1.2417,0.9717,0.0092,inverted_triangle
female,1.0437,0.8902,1.1724,1.2382,0.9552,0.0048,inverted_triangle
female,1.0525,0.8887,1.1843,1.2204,0.9809,0.0009,inverted_triangle
female,1.0475,0.8884,1.1791,1.2316,0.9799,0.0062,inverted_triangle
female,1.0424,0.8742,1.1925,1.2304,0.9523,0.0223,inverted_triangle
female,1.0567,0.8915,1.1853,1.2128,0.9996,0.0007,inverted_triangle
female,1.0479,0.8889,1.1790,1.2370,0.9948,0.0009,inverted_triangle
female,1.0451,0.8866,1.1789,1.2405,0.9999,0.0139,inverted_triangle
female,1.0483,0.8809,1.1901,1.2368,0.9880,0.0070,inverted_triangle
female,1.0470,0.8859,1.1818,1.2385,0.9744,0.0138,inverted_triangle
female,1.0481,0.8895,1.1783,1.2198,0.9706,0.0019,inverted_triangle
female,1.0482,0.8858,1.1834,1.2276,0.9976,0.0190,inverted_triangle
female,1.0405,0.8873,1.1726,1.2270,0.9823,0.0143,inverted_triangle
female,1.0510,0.8928,1.1772,1.2357,0.9902,0.0066,inverted_triangle
female,1.0327,0.8901,1.1602,1.2390,0.9536,0.0014,inverted_triangle
female,1.0517,0.8919,1.1792,1.2371,0.9867,0.0035,inverted_triangle
female,1.0510,0.8889,1.1823,1.2338,0.9518,0.0026,inverted_triangle
female,1.0451,0.8856,1.1802,1.2224,0.9973,0.0102,inverted_triangle
female,1.0403,0.8954,1.1618,1.2361,0.9979,0.0153,inverted_triangle
female,1.0355,0.8900,1.1635,1.2343,0.9886,0.0022,inverted_triangle
female,1.0551,0.8772,1.2028,1.2257,0.9863,0.0148,inverted_triangle
female,1.0403,0.8853,1.1750,1.2244,0.9540,0.0117,inverted_triangle
female,1.0567,0.8878,1.1903,1.2158,0.9825,0.0094,inverted_triangle
female,1.0450,0.8905,1.1734,1.2301,0.9585,0.0055,inverted_triangle
female,1.0547,0.8826,1.1950,1.2288,0.9748,0.0069,inverted_triangle
female,1.0354,0.8789,1.1781,1.2219,0.9546,0.0031,inverted_triangle
female,1.0410,0.8869,1.1738,1.2339,0.9749,0.0182,inverted_triangle
female,1.0524,0.8811,1.1944,1.2370,0.9775,0.0023,inverted_triangle
female,1.0418,0.8870,1.1745,1.2338,0.9587,0.0115,inverted_triangle
female,1.0494,0.8943,1.1733,1.2250,0.9662,0.0068,inverted_triangle
female,1.0477,0.8901,1.1770,1.2282,0.9819,0.0059,inverted_triangle
female,1.0454,0.8879,1.1774,1.2302,0.9717,0.0003,inverted_triangle
female,1.0461,0.8867,1.1798,1.2519,0.9784,0.0077,inverted_triangle
female,1.0487,0.8894,1.1791,1.2243,0.9602,0.0066,inverted_triangle
female,1.0427,0.8965,1.1631,1.2140,0.9529,0.0042,inverted_triangle
female,1.0467,0.8875,1.1793,1.2273,0.9960,0.0129,inverted_triangle
female,1.0416,0.8766,1.1883,1.2275,0.9602,0.0105,inverted_triangle
female,1.0455,0.8799,1.1883,1.2123,0.9738,0.0003,inverted_triangle
female,1.0482,0.8849,1.1846,1.2415,0.9620,0.0039,inverted_triangle
female,1.0412,0.8901,1.1698,1.2338,0.9860,0.0024,inverted_triangle
female,1.0482,0.8902,1.1775,1.2293,0.9627,0.0101,inverted_triangle
female,1.0560,0.8782,1.2024,1.2333,0.9742,0.0056,inverted_triangle
female,1.0443,0.8811,1.1852,1.2290,0.9914,0.0100,inverted_triangle
female,1.0452,0.8861,1.1797,1.2263,0.9650,0.0024,inverted_triangle
female,1.0511,0.8833,1.1899,1.2301,0.9584,0.0017,inverted_triangle
female,1.0441,0.8866,1.1776,1.2316,0.9797,0.0053,inverted_triangle
female,1.0392,0.8762,1.1860,1.2248,0.9633,0.0163,inverted_triangle
female,1.0413,0.8775,1.1866,1.2388,0.9843,0.0016,inverted_triangle
female,1.0458,0.8782,1.1909,1.2273,0.9872,0.0006,inverted_triangle
female,1.0490,0.8807,1.1912,1.2009,0.9932,0.0017,inverted_triangle
female,1.0366,0.8881,1.1672,1.2367,0.9842,0.0122,inverted_triangle
female,1.0428,0.8883,1.1739,1.2400,0.9811,0.0079,inverted_triangle
female,1.0423,0.8970,1.1619,1.2315,0.9731,0.0058,inverted_triangle
female,1.0484,0.8881,1.1806,1.2166,0.9922,0.0146,inverted_triangle
female,1.0387,0.8914,1.1653,1.2045,0.9589,0.0130,inverted_triangle
female,1.0474,0.8794,1.1910,1.2208,0.9960,0.0038,inverted_triangle
female,1.0439,0.8931,1.1688,1.2305,0.9859,0.0045,inverted_triangle
female,1.0454,0.8919,1.1721,1.2304,0.9592,0.0097,inverted_triangle
female,1.0354,0.8874,1.1668,1.2275,0.9874,0.0054,inverted_triangle
female,1.0424,0.8884,1.1734,1.2291,0.9953,0.0048,inverted_triangle
female,1.0440,0.8919,1.1704,1.2254,0.9527,0.0209,inverted_triangle
female,1.0528,0.8899,1.1830,1.2283,0.9912,0.0065,inverted_triangle
female,1.0439,0.8932,1.1688,1.2285,0.9829,0.0100,inverted_triangle
female,1.0450,0.8908,1.1730,1.2303,0.9534,0.0088,inverted_triangle
female,1.0415,0.8919,1.1677,1.2331,0.9908,0.0019,inverted_triangle
female,1.0386,0.8860,1.1723,1.2178,0.9763,0.0147,inverted_triangle
female,1.0411,0.8916,1.1676,1.2266,0.9735,0.0002,inverted_triangle
female,1.0437,0.8846,1.1798,1.2226,0.9721,0.0041,inverted_triangle
female,1.0466,0.8851,1.1825,1.2420,0.9616,0.0130,inverted_triangle
female,1.0396,0.8872,1.1717,1.2259,0.9916,0.0019,inverted_triangle
female,1.0389,0.8925,1.1640,1.2329,0.9897,0.0089,inverted_triangle
female,1.0456,0.8803,1.1878,1.2220,0.9929,0.0049,inverted_triangle
female,1.0436,0.8896,1.1731,1.2292,0.9782,0.0041,inverted_triangle
female,1.0441,0.8844,1.1805,1.2247,0.9553,0.0081,inverted_triangle
female,1.0419,0.8861,1.1759,1.2148,0.9650,0.0043,inverted_triangle
female,1.0400,0.8876,1.1717,1.2201,0.9927,0.0081,inverted_triangle
female,1.0420,0.8796,1.1847,1.2468,0.9516,0.0006,inverted_triangle
female,1.0472,0.8965,1.1681,1.2279,0.9511,0.0130,inverted_triangle
female,1.0468,0.8855,1.1823,1.2149,0.9788,0.0003,inverted_triangle
female,1.0486,0.8888,1.1798,1.2360,0.9970,0.0143,inverted_triangle
female,1.0428,0.8819,1.1824,1.2300,0.9727,0.0007,inverted_triangle
female,1.0506,0.8817,1.1916,1.2241,0.9987,0.0025,inverted_triangle
female,1.0458,0.8891,1.1762,1.2233,0.9614,0.0094,inverted_triangle
female,1.0567,0.8895,1.1879,1.2466,0.9720,0.0174,inverted_triangle
female,1.0431,0.8792,1.1865,1.2235,0.9515,0.0066,inverted_triangle
female,1.0492,0.8936,1.1740,1.2369,0.9579,0.0005,inverted_triangle
female,1.0450,0.8791,1.1887,1.2273,0.9650,0.0012,inverted_triangle
female,1.0505,0.8874,1.1838,1.2434,0.9575,0.0052,inverted_triangle
female,1.0455,0.8858,1.1804,1.2333,0.9667,0.0143,inverted_triangle
female,1.0411,0.8887,1.1715,1.2246,0.9629,0.0052,inverted_triangle
female,1.0394,0.8931,1.1638,1.2394,0.9990,0.0122,inverted_triangle
female,1.0499,0.8905,1.1789,1.2174,0.9777,0.0005,inverted_triangle
female,1.0400,0.8842,1.1762,1.2279,0.9845,0.0131,inverted_triangle
female,1.0377,0.8920,1.1633,1.2293,0.9676,0.0069,inverted_triangle
female,1.0441,0.8888,1.1747,1.2158,0.9623,0.0116,inverted_triangle
female,1.0407,0.8970,1.1602,1.2343,0.9688,0.0123,inverted_triangle
female,1.0372,0.8801,1.1785,1.2003,0.9754,0.0024,inverted_triangle
female,1.0372,0.8856,1.1712,1.2287,0.9681,0.0103,inverted_triangle
female,1.0445,0.8915,1.1717,1.2255,0.9811,0.0062,inverted_triangle
female,1.0367,0.8842,1.1724,1.2108,0.9554,0.0118,inverted_triangle
female,1.0404,0.8819,1.1798,1.2341,0.9908,0.0046,inverted_triangle
female,1.0464,0.8823,1.1860,1.2370,0.9910,0.0008,inverted_triangle
female,1.0537,0.8880,1.1865,1.2240,0.9636,0.0020,inverted_triangle
female,1.0462,0.8825,1.1855,1.2281,0.9873,0.0166,inverted_triangle
female,1.0466,0.8887,1.1776,1.2437,0.9864,0.0065,inverted_triangle
female,1.0431,0.8899,1.1721,1.2339,0.9658,0.0147,inverted_triangle
female,1.0456,0.8837,1.1832,1.2360,0.9679,0.0111,inverted_triangle
female,1.0360,0.8842,1.1716,1.2468,0.9631,0.0100,inverted_triangle
female,1.0457,0.8870,1.1789,1.2394,0.9766,0.0026,inverted_triangle
female,1.0418,0.8815,1.1818,1.2181,0.9545,0.0013,inverted_triangle
female,1.0471,0.8876,1.1797,1.2253,0.9900,0.0095,inverted_triangle
female,1.0477,0.8786,1.1924,1.2367,0.9600,0.0059,inverted_triangle
female,1.0463,0.8873,1.1791,1.2205,0.9920,0.0006,inverted_triangle
female,1.0375,0.8850,1.1723,1.2228,0.9947,0.0125,inverted_triangle
female,1.0347,0.8859,1.1679,1.2429,0.9922,0.0028,inverted_triangle
female,1.0443,0.8938,1.1684,1.2275,0.9996,0.0014,inverted_triangle
female,1.0377,0.8822,1.1762,1.2314,0.9604,0.0035,inverted_triangle
female,1.0478,0.8822,1.1877,1.2311,0.9743,0.0016,inverted_triangle
female,1.0398,0.8906,1.1674,1.2274,0.9779,0.0032,inverted_triangle
female,1.0434,0.8897,1.1728,1.2305,0.9881,0.0083,inverted_triangle
female,1.0356,0.8816,1.1746,1.2356,0.9835,0.0054,inverted_triangle
female,1.0466,0.8817,1.1870,1.2311,0.9914,0.0140,inverted_triangle
female,1.0365,0.8849,1.1712,1.2181,0.9992,0.0138,inverted_triangle
female,1.0487,0.8832,1.1873,1.2230,0.9595,0.0064,inverted_triangle
female,1.0490,0.8877,1.1817,1.2293,0.9995,0.0134,inverted_triangle
female,1.0447,0.8888,1.1754,1.2361,0.9802,0.0024,inverted_triangle
female,1.0441,0.8823,1.1834,1.2423,0.9703,0.0058,inverted_triangle
female,1.0424,0.8792,1.1857,1.2216,0.9931,0.0074,inverted_triangle
female,1.0411,0.8903,1.1694,1.2305,0.9792,0.0082,inverted_triangle
female,1.0459,0.8870,1.1790,1.2383,0.9994,0.0072,inverted_triangle
female,1.0513,0.8878,1.1843,1.2407,0.9735,0.0074,inverted_triangle
female,1.0443,0.8867,1.1777,1.2396,0.9859,0.0194,inverted_triangle
female,1.0417,0.8794,1.1845,1.2450,0.9696,0.0026,inverted_triangle
female,1.0470,0.8827,1.1861,1.2173,0.9586,0.0047,inverted_triangle
female,1.0474,0.8862,1.1818,1.2213,0.9793,0.0006,inverted_triangle
female,1.0441,0.8742,1.1944,1.2278,0.9838,0.0038,inverted_triangle
female,1.0355,0.8759,1.1822,1.2353,0.9820,0.0053,inverted_triangle
female,1.0440,0.8866,1.1774,1.2313,0.9808,0.0022,inverted_triangle
female,1.0494,0.8824,1.1892,1.2219,0.9956,0.0102,inverted_triangle
female,1.0545,0.8915,1.1828,1.2304,0.9813,0.0043,inverted_triangle
female,1.0433,0.8890,1.1736,1.2433,0.9777,0.0093,inverted_triangle
female,1.0514,0.8923,1.1783,1.2418,0.9864,0.0095,inverted_triangle
female,1.0482,0.8865,1.1824,1.2315,0.9806,0.0056,inverted_triangle
female,1.0389,0.8860,1.1726,1.2378,0.9980,0.0075,inverted_triangle
female,1.0535,0.8874,1.1871,1.2192,0.9783,0.0059,inverted_triangle
female,1.0444,0.8785,1.1889,1.2236,0.9889,0.0137,inverted_triangle
female,1.0525,0.8834,1.1914,1.2211,0.9748,0.0075,inverted_triangle
female,1.0422,0.8916,1.1690,1.2182,0.9962,0.0127,inverted_triangle
female,1.0420,0.8823,1.1810,1.2224,0.9521,0.0077,inverted_triangle
female,1.0442,0.8867,1.1777,1.2037,0.9998,0.0002,inverted_triangle
female,1.0530,0.8909,1.1819,1.2115,0.9899,0.0041,inverted_triangle
female,1.0459,0.8889,1.1766,1.2440,0.9830,0.0040,inverted_triangle
female,1.0416,0.8859,1.1758,1.2058,0.9809,0.0083,inverted_triangle
female,1.0523,0.8852,1.1888,1.2338,0.9896,0.0122,inverted_triangle
female,1.0385,0.8850,1.1735,1.2214,0.9910,0.0117,inverted_triangle
female,1.0497,0.8899,1.1795,1.2377,0.9628,0.0067,inverted_triangle
female,1.0463,0.8901,1.1755,1.2160,0.9952,0.0061,inverted_triangle
female,1.0492,0.8886,1.1808,1.2361,0.9815,0.0051,inverted_triangle
female,1.0453,0.8877,1.1776,1.2175,0.9987,0.0103,inverted_triangle
female,1.0533,0.8829,1.1930,1.2373,0.9541,0.0158,inverted_triangle
female,1.0401,0.8818,1.1795,1.2488,0.9728,0.0061,inverted_triangle
female,1.0469,0.8882,1.1788,1.2426,0.9741,0.0042,inverted_triangle
female,1.0434,0.8835,1.1810,1.2160,0.9639,0.0179,inverted_triangle
female,1.0422,0.8829,1.1803,1.2089,0.9617,0.0178,inverted_triangle
female,1.0338,0.8953,1.1548,1.2175,0.9924,0.0247,inverted_triangle
female,1.0477,0.8941,1.1718,1.2407,0.9771,0.0013,inverted_triangle
female,1.0476,0.8845,1.1845,1.2110,0.9694,0.0042,inverted_triangle
female,1.0410,0.8971,1.1604,1.2390,0.9947,0.0043,inverted_triangle
female,1.0519,0.8882,1.1843,1.2299,0.9596,0.0193,inverted_triangle
female,1.0509,0.8817,1.1920,1.2365,0.9563,0.0153,inverted_triangle
female,1.0476,0.8843,1.1847,1.2383,0.9652,0.0093,inverted_triangle
female,1.0410,0.8884,1.1718,1.2151,0.9718,0.0038,inverted_triangle
female,1.0573,0.8882,1.1904,1.2290,0.9668,0.0055,inverted_triangle
female,1.0453,0.8890,1.1758,1.2288,0.9654,0.0127,inverted_triangle
female,1.0483,0.8961,1.1698,1.2191,0.9829,0.0127,inverted_triangle
female,1.0439,0.8838,1.1811,1.2162,0.9672,0.0028,inverted_triangle
female,1.0407,0.8915,1.1673,1.2208,0.9929,0.0104,inverted_triangle
female,1.0516,0.8833,1.1905,1.2039,0.9864,0.0096,inverted_triangle
female,1.0458,0.8752,1.1950,1.2391,0.9559,0.0106,inverted_triangle
female,1.0511,0.8920,1.1784,1.2288,0.9737,0.0004,inverted_triangle
female,1.0466,0.8943,1.1703,1.2362,0.9784,0.0120,inverted_triangle
female,1.0447,0.8902,1.1736,1.2273,0.9724,0.0062,inverted_triangle
female,1.0437,0.8887,1.1743,1.2166,0.9727,0.0151,inverted_triangle
female,1.0428,0.8881,1.1743,1.2161,0.9638,0.0117,inverted_triangle
female,1.0464,0.8879,1.1785,1.2341,0.9887,0.0051,inverted_triangle
female,1.0452,0.8883,1.1767,1.2374,0.9598,0.0006,inverted_triangle
female,1.0472,0.8846,1.1838,1.2162,0.9546,0.0163,inverted_triangle
female,1.0454,0.8834,1.1834,1.2060,0.9947,0.0192,inverted_triangle
female,1.0376,0.8894,1.1666,1.2336,0.9566,0.0054,inverted_triangle
female,1.0368,0.8880,1.1675,1.2232,0.9886,0.0025,inverted_triangle
female,1.0510,0.8884,1.1829,1.2236,0.9896,0.0011,inverted_triangle
female,1.0508,0.8891,1.1819,1.2362,0.9844,0.0049,inverted_triangle
female,1.0481,0.8904,1.1772,1.2359,0.9806,0.0077,inverted_triangle
female,1.0430,0.8868,1.1761,1.2271,0.9597,0.0005,inverted_triangle
female,1.0426,0.8846,1.1786,1.2362,0.9766,0.0018,inverted_triangle
female,1.0487,0.8838,1.1865,1.2193,0.9756,0.0029,inverted_triangle
female,1.0379,0.8876,1.1694,1.2355,0.9623,0.0003,inverted_triangle
female,1.0456,0.8846,1.1820,1.2326,0.9761,0.0127,inverted_triangle
female,1.0371,0.8810,1.1772,1.2502,0.9884,0.0273,inverted_triangle
female,1.0422,0.8851,1.1775,1.2389,0.9606,0.0038,inverted_triangle
female,1.0444,0.8872,1.1772,1.2132,0.9928,0.0088,inverted_triangle
female,1.0427,0.8865,1.1762,1.2264,0.9885,0.0111,inverted_triangle
female,1.0482,0.8810,1.1897,1.2498,0.9930,0.0013,inverted_triangle
female,1.0450,0.8855,1.1801,1.2181,0.9643,0.0023,inverted_triangle
female,1.0531,0.8836,1.1918,1.2426,0.9590,0.0017,inverted_triangle
female,1.0517,0.8866,1.1862,1.2264,0.9576,0.0041,inverted_triangle
female,1.0424,0.8831,1.1805,1.2370,0.9859,0.0112,inverted_triangle
female,1.0447,0.8951,1.1671,1.2272,0.9675,0.0010,inverted_triangle
female,1.0471,0.8830,1.1858,1.2440,0.9780,0.0001,inverted_triangle
female,1.0356,0.8944,1.1578,1.2320,0.9882,0.0168,inverted_triangle
female,1.0397,0.8848,1.1751,1.2215,0.9816,0.0108,inverted_triangle
female,1.0490,0.8845,1.1859,1.2273,0.9547,0.0036,inverted_triangle
female,1.0549,0.8821,1.1960,1.2222,0.9946,0.0017,inverted_triangle
female,1.0483,0.8895,1.1786,1.2414,0.9866,0.0045,inverted_triangle
female,1.0467,0.8885,1.1780,1.2196,0.9611,0.0075,inverted_triangle
female,1.0470,0.8951,1.1697,1.2332,0.9903,0.0010,inverted_triangle
female,1.0455,0.8846,1.1819,1.2282,0.9745,0.0013,inverted_triangle
female,1.0388,0.8827,1.1769,1.2209,0.9911,0.0022,inverted_triangle
female,1.0357,0.8915,1.1617,1.2315,0.9607,0.0121,inverted_triangle
female,1.0541,0.8827,1.1943,1.2181,0.9930,0.0088,inverted_triangle
female,1.0441,0.8910,1.1718,1.2355,0.9567,0.0029,inverted_triangle
female,1.0488,0.8931,1.1743,1.2204,0.9828,0.0073,inverted_triangle
female,1.0455,0.8916,1.1727,1.2278,0.9666,0.0049,inverted_triangle
female,1.0330,0.8901,1.1605,1.2233,0.9635,0.0070,inverted_triangle
female,1.0484,0.8877,1.1811,1.2336,0.9749,0.0039,inverted_triangle
female,1.0483,0.8827,1.1875,1.2324,0.9868,0.0021,inverted_triangle
female,1.0487,0.8838,1.1867,1.2408,0.9693,0.0108,inverted_triangle
female,1.0396,0.8847,1.1751,1.2261,0.9916,0.0052,inverted_triangle
female,1.0468,0.8874,1.1797,1.2159,0.9837,0.0062,inverted_triangle
female,1.0447,0.8933,1.1695,1.2311,0.9855,0.0121,inverted_triangle
female,1.0551,0.8902,1.1852,1.2357,0.9773,0.0002,inverted_triangle
female,1.0411,0.8858,1.1753,1.2409,0.9936,0.0094,inverted_triangle
female,1.0511,0.8827,1.1909,1.2317,0.9879,0.0117,inverted_triangle
female,1.0513,0.8808,1.1936,1.2289,0.9875,0.0092,inverted_triangle
female,1.0477,0.8929,1.1734,1.2283,0.9606,0.0060,inverted_triangle
female,1.0502,0.8782,1.1958,1.2194,0.9684,0.0168,inverted_triangle
female,1.0451,0.8812,1.1860,1.2321,0.9755,0.0018,inverted_triangle
female,1.0478,0.8843,1.1849,1.2178,0.9704,0.0151,inverted_triangle
female,1.0422,0.8779,1.1871,1.2084,0.9677,0.0047,inverted_triangle
female,1.0494,0.8813,1.1907,1.2233,0.9529,0.0040,inverted_triangle
female,1.0475,0.8955,1.1698,1.2268,0.9898,0.0045,inverted_triangle
female,1.0408,0.8786,1.1846,1.2503,0.9760,0.0099,inverted_triangle
female,1.0416,0.8924,1.1672,1.2146,0.9968,0.0019,inverted_triangle
female,1.0557,0.8964,1.1778,1.2275,0.9930,0.0217,inverted_triangle
female,1.0483,0.8835,1.1866,1.2188,0.9593,0.0023,inverted_triangle
female,1.0324,0.8848,1.1668,1.2226,0.9750,0.0053,inverted_triangle
female,1.0474,0.8858,1.1823,1.2219,0.9610,0.0111,inverted_triangle
female,1.0364,0.8826,1.1742,1.2281,0.9671,0.0137,inverted_triangle
female,1.0471,0.8849,1.1833,1.2192,0.9700,0.0248,inverted_triangle
female,1.0411,0.8925,1.1665,1.2297,0.9649,0.0125,inverted_triangle
female,1.0476,0.8817,1.1882,1.2397,0.9646,0.0016,inverted_triangle
female,1.0449,0.9002,1.1607,1.2268,0.9501,0.0079,inverted_triangle
female,1.0499,0.8832,1.1886,1.2182,0.9951,0.0010,inverted_triangle
female,1.0429,0.8887,1.1736,1.2303,0.9857,0.0018,inverted_triangle
female,1.0460,0.8886,1.1771,1.2259,0.9788,0.0095,inverted_triangle
female,1.0458,0.8950,1.1685,1.2260,0.9786,0.0036,inverted_triangle
female,1.0511,0.8882,1.1834,1.2182,0.9805,0.0022,inverted_triangle
female,1.0345,0.8830,1.1716,1.2186,0.9950,0.0049,inverted_triangle
female,1.0389,0.8787,1.1823,1.2310,0.9761,0.0051,inverted_triangle
female,1.0512,0.8803,1.1942,1.2235,0.9723,0.0062,inverted_triangle
female,1.0444,0.8830,1.1828,1.2475,0.9993,0.0016,inverted_triangle
female,1.0473,0.8862,1.1817,1.2251,0.9937,0.0031,inverted_triangle
female,1.0360,0.8777,1.1804,1.2285,0.9505,0.0063,inverted_triangle
female,1.0500,0.8873,1.1834,1.2384,0.9650,0.0101,inverted_triangle
female,1.0502,0.8889,1.1814,1.2209,0.9817,0.0056,inverted_triangle
female,1.0445,0.8821,1.1841,1.2371,0.9767,0.0057,inverted_triangle
female,1.0546,0.8846,1.1922,1.2320,0.9932,0.0110,inverted_triangle
female,1.0391,0.8775,1.1841,1.2347,0.9841,0.0042,inverted_triangle
female,1.0502,0.8777,1.1965,1.2262,0.9504,0.0094,inverted_triangle
female,1.0439,0.8863,1.1778,1.2091,0.9627,0.0069,inverted_triangle
female,1.0444,0.8800,1.1868,1.2385,0.9870,0.0079,inverted_triangle
female,1.0401,0.8909,1.1674,1.2262,0.9789,0.0167,inverted_triangle
female,1.0433,0.8881,1.1748,1.2224,0.9840,0.0075,inverted_triangle
female,1.0474,0.8843,1.1845,1.2163,0.9550,0.0043,inverted_triangle
female,1.0565,0.8921,1.1843,1.2484,0.9706,0.0094,inverted_triangle
female,1.0458,0.8936,1.1703,1.2180,0.9828,0.0177,inverted_triangle
female,1.0413,0.8866,1.1746,1.2368,0.9776,0.0003,inverted_triangle
female,1.0552,0.8916,1.1835,1.2471,0.9536,0.0065,inverted_triangle
female,1.0537,0.8907,1.1829,1.2264,0.9652,0.0060,inverted_triangle
female,1.0533,0.8872,1.1872,1.2084,0.9501,0.0138,inverted_triangle
female,1.0488,0.8893,1.1794,1.2239,0.9516,0.0067,inverted_triangle
female,1.0376,0.8951,1.1592,1.2457,0.9760,0.0099,inverted_triangle
female,1.0426,0.8874,1.1750,1.2351,0.9533,0.0048,inverted_triangle
female,1.0535,0.8912,1.1821,1.2449,0.9775,0.0054,inverted_triangle
female,1.0417,0.8917,1.1682,1.2085,0.9897,0.0038,inverted_triangle
female,1.0482,0.8805,1.1905,1.2404,0.9513,0.0054,inverted_triangle
female,1.0441,0.8759,1.1920,1.2321,0.9906,0.0007,inverted_triangle
female,1.0443,0.8802,1.1864,1.2092,0.9908,0.0156,inverted_triangle
female,1.0496,0.8793,1.1937,1.2302,0.9617,0.0037,inverted_triangle
female,1.0441,0.8857,1.1789,1.2082,0.9902,0.0065,inverted_triangle
female,1.0478,0.8853,1.1837,1.2387,0.9875,0.0115,inverted_triangle
female,1.0507,0.8875,1.1838,1.2366,0.9690,0.0161,inverted_triangle
female,1.0371,0.8847,1.1723,1.2213,0.9790,0.0077,inverted_triangle
female,1.0520,0.8856,1.1880,1.2202,0.9672,0.0181,inverted_triangle
female,1.0399,0.8918,1.1661,1.2312,0.9647,0.0094,inverted_triangle
female,1.0411,0.8945,1.1638,1.2339,0.9690,0.0038,inverted_triangle
female,1.0448,0.8761,1.1926,1.2384,0.9893,0.0119,inverted_triangle
female,1.0460,0.8857,1.1809,1.2348,0.9637,0.0081,inverted_triangle
female,1.0394,0.8949,1.1615,1.2260,0.9868,0.0164,inverted_triangle
female,1.0505,0.9010,1.1659,1.2189,0.9985,0.0040,inverted_triangle
female,1.0445,0.8884,1.1757,1.2297,0.9997,0.0003,inverted_triangle
female,1.0433,0.8920,1.1696,1.2346,0.9520,0.0120,inverted_triangle
female,1.0455,0.8840,1.1827,1.2224,0.9576,0.0063,inverted_triangle
female,1.0506,0.8794,1.1946,1.2347,0.9871,0.0116,inverted_triangle
female,1.0441,0.8847,1.1802,1.2361,0.9650,0.0110,inverted_triangle
female,1.0497,0.8794,1.1937,1.2297,0.9763,0.0204,inverted_triangle
female,1.0405,0.8973,1.1595,1.2383,0.9930,0.0094,inverted_triangle
female,1.0382,0.8881,1.1690,1.2260,0.9806,0.0074,inverted_triangle
female,1.0400,0.8851,1.1750,1.2250,0.9572,0.0067,inverted_triangle
female,1.0453,0.8839,1.1826,1.2345,0.9524,0.0167,inverted_triangle
female,1.0432,0.8847,1.1791,1.2365,0.9957,0.0127,inverted_triangle
female,1.0462,0.8860,1.1809,1.2106,0.9941,0.0140,inverted_triangle
female,1.0448,0.8868,1.1782,1.2225,0.9642,0.0090,inverted_triangle
female,1.0424,0.8805,1.1839,1.2478,0.9804,0.0172,inverted_triangle
female,1.0366,0.8846,1.1718,1.2321,0.9856,0.0083,inverted_triangle
female,1.0420,0.8866,1.1752,1.2254,0.9957,0.0058,inverted_triangle
female,1.0441,0.8869,1.1772,1.2197,0.9790,0.0011,inverted_triangle
female,1.0423,0.8872,1.1748,1.2186,0.9929,0.0019,inverted_triangle
female,1.0465,0.8808,1.1881,1.2408,0.9925,0.0047,inverted_triangle
female,1.0469,0.8914,1.1745,1.2287,0.9800,0.0027,inverted_triangle
female,1.0525,0.8914,1.1807,1.2157,0.9565,0.0015,inverted_triangle
female,1.0531,0.8819,1.1942,1.2290,0.9895,0.0024,inverted_triangle
female,1.0491,0.8830,1.1881,1.2332,0.9928,0.0146,inverted_triangle
female,1.0448,0.8901,1.1739,1.2423,0.9789,0.0025,inverted_triangle
female,1.0417,0.8824,1.1805,1.2209,0.9627,0.0131,inverted_triangle
female,1.0414,0.8895,1.1709,1.2262,0.9646,0.0119,inverted_triangle
female,1.0445,0.8904,1.1731,1.2284,0.9775,0.0030,inverted_triangle
female,1.0467,0.8751,1.1961,1.2441,0.9836,0.0039,inverted_triangle
female,1.0532,0.8986,1.1721,1.2256,0.9796,0.0088,inverted_triangle
female,1.0426,0.8826,1.1812,1.2321,0.9945,0.0060,inverted_triangle
female,1.0432,0.8914,1.1702,1.2207,0.9847,0.0099,inverted_triangle
female,1.0454,0.8904,1.1741,1.2411,0.9843,0.0110,inverted_triangle
female,1.0350,0.8808,1.1751,1.2370,0.9938,0.0078,inverted_triangle
female,1.0379,0.8849,1.1730,1.2268,0.9943,0.0007,inverted_triangle
female,1.0367,0.8887,1.1665,1.2242,0.9915,0.0019,inverted_triangle
female,1.0531,0.8858,1.1888,1.2184,0.9718,0.0123,inverted_triangle
female,1.0493,0.8885,1.1810,1.2325,0.9578,0.0093,inverted_triangle
female,1.0515,0.8838,1.1898,1.2249,0.9995,0.0071,inverted_triangle
female,1.0437,0.8959,1.1649,1.2300,0.9770,0.0012,inverted_triangle
female,1.0492,0.8834,1.1877,1.2212,0.9637,0.0247,inverted_triangle
female,1.0433,0.8928,1.1686,1.2359,0.9715,0.0036,inverted_triangle
female,1.0471,0.8872,1.1802,1.2324,0.9750,0.0151,inverted_triangle
female,0.9051,1.0655,0.8495,0.9310,0.9578,0.0111,apple
female,0.9081,1.0690,0.8495,0.9221,0.9931,0.0078,apple
female,0.9084,1.0587,0.8580,0.9292,0.9614,0.0050,apple
female,0.8978,1.0693,0.8396,0.9155,0.9963,0.0023,apple
female,0.8936,1.0565,0.8459,0.9435,0.9838,0.0054,apple
female,0.9054,1.0655,0.8497,0.9212,0.9820,0.0119,apple
female,0.8979,1.0653,0.8428,0.9669,0.9572,0.0010,apple
female,0.8992,1.0712,0.8394,0.9260,0.9709,0.0030,apple
female,0.9049,1.0682,0.8471,0.9344,0.9592,0.0081,apple
female,0.9051,1.0576,0.8558,0.9296,0.9764,0.0021,apple
female,0.9045,1.0651,0.8492,0.9358,0.9585,0.0140,apple
female,0.9040,1.0677,0.8467,0.9404,0.9677,0.0162,apple
female,0.9030,1.0712,0.8429,0.9167,0.9960,0.0067,apple
female,0.8974,1.0729,0.8365,0.9263,0.9937,0.0051,apple
female,0.8936,1.0583,0.8444,0.9299,0.9612,0.0067,apple
female,0.9049,1.0719,0.8442,0.9540,0.9951,0.0036,apple
female,0.9084,1.0624,0.8550,0.9220,0.9911,0.0097,apple
female,0.8965,1.0648,0.8419,0.9324,0.9817,0.0241,apple
female,0.8945,1.0618,0.8424,0.9330,0.9657,0.0015,apple
female,0.9008,1.0629,0.8475,0.9289,0.9615,0.0166,apple
female,0.8953,1.0611,0.8437,0.9421,0.9671,0.0036,apple
female,0.8978,1.0672,0.8412,0.9345,0.9805,0.0233,apple
female,0.8955,1.0707,0.8364,0.9188,0.9752,0.0284,apple
female,0.8930,1.0682,0.8360,0.9485,0.9691,0.0018,apple
female,0.8998,1.0677,0.8428,0.9175,0.9817,0.0109,apple
female,0.9058,1.0688,0.8475,0.9145,0.9545,0.0070,apple
female,0.9134,1.0621,0.8600,0.9349,0.9554,0.0027,apple
female,0.9026,1.0664,0.8464,0.9349,0.9782,0.0050,apple
female,0.8998,1.0569,0.8514,0.9330,0.9713,0.0055,apple
female,0.9043,1.0596,0.8534,0.9489,0.9916,0.0005,apple
female,0.9120,1.0647,0.8566,0.9322,0.9586,0.0119,apple
female,0.8985,1.0610,0.8468,0.9488,0.9564,0.0092,apple
female,0.9041,1.0720,0.8433,0.9197,0.9619,0.0035,apple
female,0.9082,1.0705,0.8484,0.9432,0.9605,0.0023,apple
female,0.9065,1.0589,0.8561,0.9247,0.9965,0.0141,apple
female,0.9191,1.0573,0.8693,0.9293,0.9739,0.0072,apple
female,0.8976,1.0520,0.8533,0.9185,0.9935,0.0085,apple
female,0.9112,1.0712,0.8506,0.9283,0.9912,0.0128,apple
female,0.8986,1.0630,0.8454,0.9226,0.9701,0.0059,apple
female,0.8975,1.0613,0.8457,0.9258,0.9907,0.0111,apple
female,0.8989,1.0644,0.8445,0.9420,0.9774,0.0038,apple
female,0.9085,1.0607,0.8566,0.9286,0.9542,0.0023,apple
female,0.9062,1.0633,0.8523,0.9251,0.9633,0.0034,apple
female,0.9089,1.0626,0.8553,0.9260,0.9907,0.0129,apple
female,0.8989,1.0652,0.8439,0.9424,0.9782,0.0023,apple
female,0.9107,1.0674,0.8532,0.9162,0.9959,0.0172,apple
female,0.9176,1.0675,0.8596,0.9348,0.9863,0.0156,apple
female,0.9072,1.0668,0.8504,0.9320,0.9793,0.0059,apple
female,0.9062,1.0552,0.8588,0.9418,0.9928,0.0051,apple
female,0.8964,1.0623,0.8438,0.9135,0.9638,0.0129,apple
female,0.9026,1.0652,0.8473,0.9328,0.9816,0.0153,apple
female,0.8997,1.0634,0.8461,0.9374,0.9988,0.0079,apple
female,0.9058,1.0596,0.8549,0.9271,0.9990,0.0123,apple
female,0.9004,1.0727,0.8393,0.9132,0.9963,0.0156,apple
female,0.9000,1.0670,0.8435,0.9426,0.9564,0.0017,apple
female,0.9011,1.0648,0.8463,0.9192,0.9578,0.0040,apple
female,0.9046,1.0624,0.8515,0.9342,0.9838,0.0301,apple
female,0.9068,1.0632,0.8529,0.9190,0.9887,0.0028,apple
female,0.8953,1.0628,0.8424,0.9322,0.9559,0.0053,apple
female,0.8903,1.0654,0.8357,0.9299,0.9855,0.0112,apple
female,0.8988,1.0708,0.8394,0.9454,0.9504,0.0097,apple
female,0.8978,1.0566,0.8498,0.9352,0.9790,0.0033,apple
female,0.9044,1.0586,0.8543,0.9332,0.9747,0.0147,apple
female,0.9007,1.0653,0.8454,0.9311,0.9811,0.0066,apple
female,0.9026,1.0635,0.8487,0.9107,0.9915,0.0064,apple
female,0.8999,1.0618,0.8475,0.9203,0.9574,0.0011,apple
female,0.8989,1.0571,0.8503,0.9276,0.9759,0.0091,apple
female,0.9086,1.0635,0.8543,0.9285,0.9969,0.0029,apple
female,0.9025,1.0653,0.8472,0.9253,0.9711,0.0147,apple
female,0.8991,1.0653,0.8439,0.9323,0.9969,0.0058,apple
female,0.9108,1.0644,0.8557,0.9291,0.9952,0.0082,apple
female,0.9022,1.0671,0.8455,0.9396,0.9869,0.0054,apple
female,0.9036,1.0761,0.8397,0.9319,0.9691,0.0046,apple
female,0.8940,1.0649,0.8395,0.9256,0.9944,0.0052,apple
female,0.9026,1.0632,0.8489,0.9318,0.9651,0.0089,apple
female,0.8982,1.0611,0.8464,0.9233,0.9949,0.0054,apple
female,0.9044,1.0666,0.8480,0.9394,0.9786,0.0034,apple
female,0.8971,1.0602,0.8462,0.9454,0.9765,0.0010,apple
female,0.8999,1.0661,0.8441,0.9201,0.9960,0.0166,apple
female,0.8982,1.0716,0.8382,0.9323,0.9791,0.0099,apple
female,0.9087,1.0641,0.8540,0.9268,0.9851,0.0019,apple
female,0.9058,1.0657,0.8499,0.9195,0.9780,0.0127,apple
female,0.9041,1.0635,0.8501,0.9385,0.9588,0.0065,apple
female,0.9083,1.0595,0.8573,0.9286,0.9936,0.0071,apple
female,0.9111,1.0630,0.8571,0.9331,0.9812,0.0044,apple
female,0.9043,1.0612,0.8522,0.9345,0.9738,0.0163,apple
female,0.9006,1.0625,0.8476,0.9275,0.9665,0.0040,apple
female,0.9069,1.0819,0.8382,0.9297,0.9623,0.0051,apple
female,0.9079,1.0662,0.8516,0.9367,0.9891,0.0017,apple
female,0.9033,1.0646,0.8484,0.9223,0.9547,0.0032,apple
female,0.9060,1.0635,0.8519,0.9320,0.9512,0.0066,apple
female,0.8974,1.0560,0.8498,0.9382,0.9943,0.0040,apple
female,0.9020,1.0676,0.8449,0.9249,0.9617,0.0091,apple
female,0.9097,1.0694,0.8506,0.9201,0.9770,0.0197,apple
female,0.8981,1.0560,0.8505,0.9275,0.9582,0.0022,apple
female,0.9043,1.0702,0.8449,0.9278,0.9875,0.0037,apple
female,0.9058,1.0594,0.8550,0.9282,0.9940,0.0157,apple
female,0.8988,1.0678,0.8417,0.9160,0.9853,0.0105,apple
female,0.8937,1.0605,0.8428,0.9367,0.9711,0.0035,apple
female,0.8972,1.0724,0.8366,0.9341,0.9758,0.0058,apple
female,0.9085,1.0713,0.8481,0.9292,0.9852,0.0024,apple
female,0.9003,1.0657,0.8448,0.9212,0.9766,0.0060,apple
female,0.9020,1.0708,0.8424,0.9238,0.9836,0.0018,apple
female,0.9120,1.0680,0.8539,0.9143,0.9803,0.0139,apple
female,0.9010,1.0620,0.8484,0.9375,0.9716,0.0112,apple
female,0.9040,1.0568,0.8554,0.9335,0.9801,0.0005,apple
female,0.9149,1.0544,0.8677,0.9249,0.9908,0.0149,apple
female,0.9026,1.0705,0.8431,0.9324,0.9938,0.0163,apple
female,0.9002,1.0560,0.8525,0.9339,0.9805,0.0065,apple
female,0.8939,1.0604,0.8430,0.9326,0.9821,0.0090,apple
female,0.8947,1.0671,0.8385,0.9348,0.9957,0.0019,apple
female,0.8987,1.0720,0.8383,0.9402,0.9736,0.0057,apple
female,0.8978,1.0615,0.8458,0.9324,0.9669,0.0027,apple
female,0.9005,1.0563,0.8525,0.9405,0.9671,0.0029,apple
female,0.9091,1.0728,0.8474,0.9244,0.9561,0.0192,apple
female,0.9059,1.0741,0.8434,0.9363,0.9987,0.0166,apple
female,0.9035,1.0640,0.8491,0.9285,0.9663,0.0030,apple
female,0.9107,1.0625,0.8571,0.9351,0.9605,0.0039,apple
female,0.8972,1.0685,0.8397,0.9291,0.9677,0.0105,apple
female,0.9049,1.0653,0.8494,0.9326,0.9980,0.0011,apple
female,0.8999,1.0656,0.8445,0.9082,0.9667,0.0008,apple
female,0.9069,1.0600,0.8556,0.9260,0.9870,0.0069,apple
female,0.9141,1.0697,0.8545,0.9143,0.9864,0.0173,apple
female,0.9116,1.0666,0.8548,0.9377,0.9759,0.0004,apple
female,0.9037,1.0583,0.8539,0.9271,0.9840,0.0065,apple
female,0.9068,1.0646,0.8518,0.9549,0.9946,0.0150,apple
female,0.9077,1.0648,0.8524,0.9352,0.9970,0.0004,apple
female,0.9000,1.0630,0.8467,0.9297,0.9617,0.0002,apple
female,0.9011,1.0603,0.8499,0.9238,0.9646,0.0068,apple
female,0.9047,1.0561,0.8567,0.9259,0.9536,0.0027,apple
female,0.8992,1.0664,0.8432,0.9296,0.9954,0.0084,apple
female,0.9014,1.0566,0.8531,0.9206,0.9734,0.0083,apple
female,0.9100,1.0672,0.8527,0.9294,0.9605,0.0000,apple
female,0.8971,1.0663,0.8413,0.9111,0.9514,0.0146,apple
female,0.8962,1.0583,0.8468,0.9345,0.9933,0.0018,apple
female,0.9068,1.0659,0.8507,0.9356,0.9573,0.0226,apple
female,0.8971,1.0671,0.8407,0.9282,0.9803,0.0217,apple
female,0.9004,1.0724,0.8396,0.9307,0.9918,0.0153,apple
female,0.9040,1.0652,0.8486,0.9320,0.9894,0.0185,apple
female,0.9012,1.0613,0.8491,0.9246,0.9783,0.0089,apple
female,0.8946,1.0656,0.8395,0.9422,0.9979,0.0002,apple
female,0.9073,1.0605,0.8555,0.9293,0.9705,0.0027,apple
female,0.8994,1.0600,0.8485,0.9137,0.9993,0.0101,apple
female,0.8950,1.0521,0.8507,0.9146,0.9540,0.0056,apple
female,0.9044,1.0664,0.8481,0.9216,0.9794,0.0174,apple
female,0.9063,1.0691,0.8477,0.9355,0.9599,0.0115,apple
female,0.9050,1.0616,0.8525,0.9322,0.9501,0.0102,apple
female,0.9080,1.0668,0.8511,0.9180,0.9571,0.0051,apple
female,0.9019,1.0572,0.8531,0.9218,0.9716,0.0160,apple
female,0.9125,1.0644,0.8573,0.9192,0.9907,0.0189,apple
female,0.9022,1.0654,0.8468,0.9477,0.9838,0.0054,apple
female,0.9064,1.0660,0.8503,0.9279,0.9936,0.0108,apple
female,0.9035,1.0684,0.8456,0.9092,0.9931,0.0018,apple
female,0.9031,1.0663,0.8470,0.9148,0.9772,0.0149,apple
female,0.9093,1.0661,0.8530,0.9395,0.9944,0.0022,apple
female,0.9078,1.0692,0.8490,0.9381,0.9585,0.0241,apple
female,0.9042,1.0681,0.8466,0.9150,0.9862,0.0018,apple
female,0.9031,1.0680,0.8456,0.9361,0.9683,0.0018,apple
female,0.9088,1.0633,0.8547,0.9223,0.9713,0.0024,apple
female,0.9054,1.0640,0.8509,0.9186,0.9707,0.0041,apple
female,0.9033,1.0645,0.8486,0.9301,0.9895,0.0015,apple
female,0.8981,1.0618,0.8458,0.9230,0.9743,0.0086,apple
female,0.9028,1.0631,0.8492,0.9158,0.9846,0.0014,apple
female,0.9060,1.0637,0.8517,0.9167,0.9733,0.0235,apple
female,0.9127,1.0715,0.8518,0.9381,0.9995,0.0054,apple
female,0.9008,1.0628,0.8475,0.9232,0.9647,0.0173,apple
female,0.9054,1.0627,0.8520,0.9309,0.9613,0.0275,apple
female,0.9117,1.0567,0.8628,0.9257,0.9732,0.0006,apple
female,0.9037,1.0620,0.8509,0.9233,0.9870,0.0159,apple
female,0.9034,1.0584,0.8536,0.9120,0.9702,0.0176,apple
female,0.9030,1.0642,0.8486,0.9360,0.9574,0.0234,apple
female,0.9005,1.0588,0.8505,0.9418,0.9872,0.0023,apple
female,0.9055,1.0564,0.8571,0.9213,0.9558,0.0037,apple
female,0.9174,1.0628,0.8632,0.9176,0.9733,0.0029,apple
female,0.9113,1.0594,0.8602,0.9437,0.9703,0.0023,apple
female,0.9025,1.0744,0.8400,0.9205,0.9797,0.0062,apple
female,0.9031,1.0642,0.8486,0.9187,0.9634,0.0216,apple
female,0.8944,1.0638,0.8408,0.9316,0.9987,0.0072,apple
female,0.9049,1.0677,0.8475,0.9434,0.9954,0.0098,apple
female,0.8992,1.0727,0.8383,0.9310,0.9790,0.0138,apple
female,0.9088,1.0575,0.8594,0.9255,0.9986,0.0164,apple
female,0.9009,1.0608,0.8492,0.9329,0.9535,0.0157,apple
female,0.8974,1.0625,0.8447,0.9363,0.9711,0.0022,apple
female,0.9020,1.0706,0.8426,0.9184,0.9717,0.0088,apple
female,0.8956,1.0612,0.8439,0.9297,0.9924,0.0028,apple
female,0.8941,1.0635,0.8407,0.9243,0.9580,0.0044,apple
female,0.8965,1.0683,0.8392,0.9378,0.9580,0.0218,apple
female,0.9062,1.0605,0.8544,0.9224,0.9685,0.0033,apple
female,0.9023,1.0689,0.8442,0.9194,0.9570,0.0112,apple
female,0.9012,1.0586,0.8513,0.9153,0.9996,0.0023,apple
female,0.9021,1.0633,0.8483,0.9358,0.9777,0.0068,apple
female,0.9016,1.0773,0.8369,0.9214,0.9749,0.0019,apple
female,0.9017,1.0675,0.8447,0.9135,0.9727,0.0060,apple
female,0.9055,1.0610,0.8534,0.9121,0.9552,0.0231,apple
female,0.9017,1.0600,0.8507,0.9298,0.9956,0.0051,apple
female,0.9022,1.0677,0.8450,0.9310,0.9935,0.0076,apple
female,0.9050,1.0584,0.8551,0.9489,0.9704,0.0129,apple
female,0.9019,1.0618,0.8494,0.9033,0.9835,0.0036,apple
female,0.8996,1.0695,0.8411,0.9256,0.9970,0.0133,apple
female,0.9166,1.0625,0.8627,0.9439,0.9818,0.0049,apple
female,0.9049,1.0613,0.8526,0.9214,0.9791,0.0026,apple
female,0.9081,1.0609,0.8560,0.9210,0.9678,0.0125,apple
female,0.9123,1.0607,0.8600,0.9444,0.9771,0.0043,apple
female,0.9074,1.0689,0.8488,0.9205,0.9617,0.0187,apple
female,0.9009,1.0712,0.8410,0.9351,0.9941,0.0012,apple
female,0.9057,1.0618,0.8530,0.9505,0.9772,0.0179,apple
female,0.9046,1.0740,0.8423,0.9291,0.9967,0.0004,apple
female,0.9127,1.0655,0.8566,0.9338,0.9818,0.0020,apple
female,0.9029,1.0578,0.8536,0.9125,0.9512,0.0017,apple
female,0.9099,1.0681,0.8519,0.9087,0.9580,0.0153,apple
female,0.9054,1.0662,0.8492,0.9309,0.9749,0.0071,apple
female,0.9059,1.0592,0.8553,0.9293,0.9855,0.0151,apple
female,0.9115,1.0524,0.8661,0.9334,0.9736,0.0128,apple
female,0.9003,1.0583,0.8506,0.9222,0.9781,0.0019,apple
female,0.9063,1.0740,0.8439,0.9183,0.9971,0.0008,apple
female,0.8963,1.0611,0.8448,0.9194,0.9827,0.0035,apple
female,0.8976,1.0619,0.8453,0.9203,0.9912,0.0096,apple
female,0.9077,1.0663,0.8512,0.9231,0.9649,0.0084,apple
female,0.9043,1.0780,0.8389,0.9139,0.9506,0.0070,apple
female,0.9052,1.0689,0.8469,0.9131,0.9620,0.0109,apple
female,0.8969,1.0610,0.8454,0.9211,0.9690,0.0188,apple
female,0.9042,1.0609,0.8523,0.9404,0.9759,0.0091,apple
female,0.9015,1.0625,0.8485,0.9275,0.9545,0.0020,apple
female,0.9070,1.0584,0.8569,0.9348,0.9842,0.0048,apple
female,0.9020,1.0664,0.8458,0.9146,0.9765,0.0021,apple
female,0.8938,1.0606,0.8427,0.9313,0.9525,0.0109,apple
female,0.9087,1.0612,0.8563,0.9275,0.9710,0.0161,apple
female,0.9018,1.0563,0.8537,0.9332,0.9907,0.0054,apple
female,0.8996,1.0600,0.8487,0.9275,0.9829,0.0094,apple
female,0.9058,1.0652,0.8503,0.9268,0.9733,0.0023,apple
female,0.9064,1.0616,0.8538,0.9441,0.9718,0.0047,apple
female,0.8957,1.0631,0.8426,0.9257,0.9525,0.0047,apple
female,0.9059,1.0571,0.8570,0.9321,0.9593,0.0010,apple
female,0.9045,1.0648,0.8494,0.9350,0.9855,0.0086,apple
female,0.9037,1.0684,0.8458,0.9303,0.9579,0.0189,apple
female,0.9060,1.0725,0.8448,0.9348,0.9666,0.0156,apple
female,0.9130,1.0642,0.8579,0.9196,0.9843,0.0115,apple
female,0.9112,1.0602,0.8594,0.9238,0.9893,0.0126,apple
female,0.9019,1.0723,0.8410,0.9522,0.9932,0.0097,apple
female,0.9026,1.0638,0.8485,0.9305,0.9726,0.0025,apple
female,0.9010,1.0716,0.8408,0.9374,0.9588,0.0036,apple
female,0.9002,1.0658,0.8447,0.9286,0.9946,0.0028,apple
female,0.9029,1.0617,0.8504,0.9260,0.9640,0.0033,apple
female,0.9065,1.0693,0.8478,0.9216,0.9672,0.0012,apple
female,0.9081,1.0676,0.8506,0.9418,0.9832,0.0014,apple
female,0.9105,1.0683,0.8522,0.9255,0.9842,0.0007,apple
female,0.9139,1.0714,0.8530,0.9270,0.9570,0.0010,apple
female,0.9080,1.0639,0.8535,0.9210,0.9790,0.0050,apple
female,0.9054,1.0610,0.8533,0.9267,0.9732,0.0041,apple
female,0.9078,1.0685,0.8496,0.9166,0.9899,0.0050,apple
female,0.9001,1.0648,0.8453,0.9218,0.9609,0.0019,apple
female,0.9134,1.0662,0.8567,0.9222,0.9629,0.0005,apple
female,0.9022,1.0764,0.8382,0.9142,0.9917,0.0016,apple
female,0.9035,1.0647,0.8486,0.9245,0.9942,0.0083,apple
female,0.8990,1.0716,0.8389,0.9230,0.9848,0.0014,apple
female,0.9025,1.0612,0.8504,0.9187,0.9792,0.0135,apple
female,0.8938,1.0630,0.8408,0.9131,0.9704,0.0102,apple
female,0.9044,1.0720,0.8437,0.9219,0.9826,0.0092,apple
female,0.9092,1.0606,0.8573,0.9273,0.9910,0.0048,apple
female,0.8990,1.0659,0.8434,0.9258,0.9753,0.0039,apple
female,0.9106,1.0684,0.8523,0.9221,0.9733,0.0099,apple
female,0.9003,1.0622,0.8476,0.9219,0.9678,0.0126,apple
female,0.9040,1.0680,0.8465,0.9234,0.9805,0.0044,apple
female,0.8981,1.0653,0.8430,0.9137,0.9790,0.0039,apple
female,0.9087,1.0568,0.8599,0.9171,0.9521,0.0255,apple
female,0.9000,1.0697,0.8413,0.9219,0.9614,0.0033,apple
female,0.9070,1.0662,0.8507,0.9293,0.9543,0.0091,apple
female,0.9002,1.0615,0.8481,0.9397,0.9606,0.0004,apple
female,0.9002,1.0520,0.8558,0.9315,0.9985,0.0133,apple
female,0.9009,1.0691,0.8426,0.9138,0.9740,0.0160,apple
female,0.9024,1.0644,0.8478,0.9145,0.9642,0.0014,apple
female,0.9082,1.0635,0.8540,0.9171,0.9680,0.0022,apple
female,0.9027,1.0570,0.8540,0.9218,0.9599,0.0039,apple
female,0.8943,1.0520,0.8501,0.9294,0.9754,0.0018,apple
female,0.9052,1.0619,0.8524,0.9323,0.9837,0.0012,apple
female,0.9022,1.0610,0.8503,0.9216,0.9984,0.0017,apple
female,0.8968,1.0601,0.8459,0.9316,0.9520,0.0137,apple
female,0.9144,1.0602,0.8625,0.9235,0.9933,0.0066,apple
female,0.9050,1.0566,0.8565,0.9265,0.9872,0.0167,apple
female,0.9077,1.0563,0.8593,0.9314,0.9722,0.0188,apple
female,0.9096,1.0696,0.8504,0.9330,0.9544,0.0000,apple
female,0.9071,1.0623,0.8539,0.9258,0.9635,0.0040,apple
female,0.9055,1.0623,0.8525,0.9339,0.9920,0.0019,apple
female,0.9043,1.0645,0.8495,0.9207,0.9780,0.0100,apple
female,0.9007,1.0608,0.8491,0.9400,0.9821,0.0024,apple
female,0.9106,1.0587,0.8602,0.9197,0.9566,0.0087,apple
female,0.9043,1.0658,0.8485,0.9344,0.9860,0.0114,apple
female,0.9113,1.0719,0.8501,0.9490,0.9591,0.0066,apple
female,0.9018,1.0674,0.8449,0.9367,0.9703,0.0054,apple
female,0.9008,1.0686,0.8430,0.9218,0.9947,0.0151,apple
female,0.8959,1.0702,0.8371,0.9109,0.9893,0.0019,apple
female,0.9001,1.0609,0.8484,0.9537,1.0000,0.0092,apple
female,0.9018,1.0604,0.8504,0.9164,0.9723,0.0091,apple
female,0.9037,1.0633,0.8500,0.9273,0.9611,0.0093,apple
female,0.9003,1.0662,0.8444,0.9237,0.9740,0.0016,apple
female,0.9052,1.0571,0.8563,0.9201,0.9798,0.0097,apple
female,0.9054,1.0658,0.8495,0.9362,0.9611,0.0012,apple
female,0.9086,1.0533,0.8627,0.9299,0.9622,0.0047,apple
female,0.9107,1.0590,0.8600,0.9319,0.9673,0.0136,apple
female,0.9029,1.0539,0.8568,0.9305,0.9509,0.0022,apple
female,0.9056,1.0681,0.8479,0.9393,0.9631,0.0004,apple
female,0.9030,1.0587,0.8530,0.9273,0.9609,0.0016,apple
female,0.9017,1.0673,0.8448,0.9416,0.9664,0.0141,apple
female,0.9032,1.0627,0.8499,0.9088,0.9564,0.0003,apple
female,0.8961,1.0540,0.8501,0.9309,0.9517,0.0017,apple
female,0.9027,1.0564,0.8545,0.9388,0.9555,0.0019,apple
female,0.9015,1.0639,0.8473,0.9431,0.9749,0.0067,apple
female,0.9093,1.0627,0.8556,0.9285,0.9797,0.0155,apple
female,0.9042,1.0693,0.8456,0.9049,0.9764,0.0206,apple
female,0.9047,1.0698,0.8457,0.9291,0.9516,0.0006,apple
female,0.8988,1.0620,0.8463,0.9302,0.9570,0.0089,apple
female,0.9074,1.0601,0.8560,0.9392,0.9662,0.0063,apple
female,0.9054,1.0587,0.8552,0.9188,0.9796,0.0023,apple
female,0.9097,1.0684,0.8514,0.9318,0.9654,0.0123,apple
female,0.9150,1.0647,0.8594,0.9299,0.9846,0.0017,apple
female,0.9041,1.0605,0.8525,0.9241,0.9867,0.0268,apple
female,0.9112,1.0627,0.8575,0.9342,0.9534,0.0268,apple
female,0.9102,1.0687,0.8517,0.9330,0.9935,0.0075,apple
female,0.9029,1.0680,0.8454,0.9280,0.9998,0.0065,apple
female,0.9132,1.0597,0.8618,0.9219,0.9602,0.0053,apple
female,0.8914,1.0597,0.8412,0.9451,0.9757,0.0069,apple
female,0.9055,1.0656,0.8497,0.9425,0.9625,0.0075,apple
female,0.9061,1.0684,0.8481,0.9387,0.9644,0.0009,apple
female,0.9077,1.0723,0.8465,0.9316,0.9795,0.0051,apple
female,0.9004,1.0688,0.8424,0.9253,0.9656,0.0038,apple
female,0.9078,1.0672,0.8506,0.9146,0.9993,0.0124,apple
female,0.9075,1.0765,0.8430,0.9233,0.9946,0.0057,apple
female,0.9009,1.0668,0.8445,0.9308,0.9972,0.0032,apple
female,0.9077,1.0660,0.8515,0.9312,0.9813,0.0009,apple
female,0.9000,1.0660,0.8442,0.9296,0.9886,0.0072,apple
female,0.9066,1.0714,0.8462,0.9273,0.9779,0.0115,apple
female,0.8973,1.0678,0.8403,0.9329,0.9795,0.0057,apple
female,0.9066,1.0593,0.8558,0.9283,0.9702,0.0016,apple
female,0.8998,1.0612,0.8479,0.9218,0.9819,0.0151,apple
female,0.9051,1.0643,0.8504,0.9210,0.9655,0.0005,apple
female,0.9004,1.0633,0.8468,0.9268,0.9937,0.0045,apple
female,0.9008,1.0695,0.8422,0.9272,0.9925,0.0154,apple
female,0.9053,1.0592,0.8547,0.9284,0.9633,0.0029,apple
female,0.8934,1.0676,0.8369,0.9289,0.9697,0.0010,apple
female,0.9034,1.0629,0.8500,0.9218,0.9988,0.0006,apple
female,0.9130,1.0739,0.8502,0.9263,0.9961,0.0035,apple
female,0.9013,1.0579,0.8520,0.9354,0.9959,0.0167,apple
female,0.9065,1.0773,0.8414,0.9421,0.9581,0.0137,apple
female,0.9089,1.0614,0.8563,0.9279,0.9596,0.0130,apple
female,0.8975,1.0650,0.8427,0.9225,0.9817,0.0138,apple
female,0.9043,1.0684,0.8464,0.9359,0.9984,0.0167,apple
female,0.9051,1.0708,0.8452,0.9277,0.9704,0.0033,apple
female,0.9048,1.0609,0.8529,0.9305,0.9609,0.0193,apple
female,0.8970,1.0755,0.8341,0.9285,0.9557,0.0123,apple
female,0.9058,1.0611,0.8536,0.9271,0.9784,0.0037,apple
male,1.0390,0.9790,1.0613,1.1544,0.9746,0.0053,trapezoid
male,1.0375,0.9797,1.0590,1.1456,0.9651,0.0058,trapezoid
male,1.0361,0.9810,1.0561,1.1482,0.9560,0.0005,trapezoid
male,1.0391,0.9787,1.0617,1.1476,0.9811,0.0137,trapezoid
male,1.0383,0.9828,1.0565,1.1451,0.9782,0.0063,trapezoid
male,1.0400,0.9846,1.0563,1.1569,0.9786,0.0029,trapezoid
male,1.0345,0.9813,1.0543,1.1489,0.9751,0.0296,trapezoid
male,1.0401,0.9824,1.0587,1.1538,0.9846,0.0092,trapezoid
male,1.0383,0.9818,1.0576,1.1488,1.0000,0.0093,trapezoid
male,1.0418,0.9817,1.0613,1.1564,0.9985,0.0275,trapezoid
male,1.0394,0.9788,1.0620,1.1474,0.9552,0.0078,trapezoid
male,1.0361,0.9825,1.0545,1.1419,0.9840,0.0184,trapezoid
male,1.0401,0.9798,1.0616,1.1429,0.9865,0.0066,trapezoid
male,1.0360,0.9802,1.0569,1.1486,0.9607,0.0016,trapezoid
male,1.0369,0.9800,1.0580,1.1562,0.9536,0.0087,trapezoid
male,1.0378,0.9818,1.0570,1.1474,0.9859,0.0069,trapezoid
male,1.0382,0.9811,1.0582,1.1496,0.9997,0.0107,trapezoid
male,1.0382,0.9818,1.0574,1.1531,0.9910,0.0106,trapezoid
male,1.0372,0.9808,1.0576,1.1438,0.9723,0.0043,trapezoid
male,1.0369,0.9795,1.0586,1.1463,0.9909,0.0011,trapezoid
male,1.0377,0.9856,1.0528,1.1516,0.9601,0.0058,trapezoid
male,1.0397,0.9793,1.0617,1.1584,0.9770,0.0130,trapezoid
male,1.0358,0.9793,1.0577,1.1484,0.9737,0.0038,trapezoid
male,1.0390,0.9831,1.0569,1.1401,0.9884,0.0068,trapezoid
male,1.0351,0.9814,1.0547,1.1481,0.9810,0.0009,trapezoid
male,1.0375,0.9819,1.0567,1.1432,0.9539,0.0017,trapezoid
male,1.0398,0.9810,1.0600,1.1519,0.9743,0.0148,trapezoid
male,1.0365,0.9832,1.0542,1.1492,0.9648,0.0010,trapezoid
male,1.0383,0.9789,1.0606,1.1469,0.9714,0.0055,trapezoid
male,1.0366,0.9841,1.0534,1.1501,0.9598,0.0130,trapezoid
male,1.0398,0.9783,1.0629,1.1580,0.9737,0.0033,trapezoid
male,1.0374,0.9765,1.0623,1.1547,0.9928,0.0045,trapezoid
male,1.0374,0.9859,1.0522,1.1511,0.9929,0.0002,trapezoid
male,1.0407,0.9794,1.0626,1.1594,0.9580,0.0056,trapezoid
male,1.0400,0.9823,1.0587,1.1471,0.9521,0.0011,trapezoid
male,1.0337,0.9817,1.0530,1.1479,0.9916,0.0043,trapezoid
male,1.0390,0.9829,1.0570,1.1474,0.9524,0.0060,trapezoid
male,1.0388,0.9797,1.0603,1.1634,0.9649,0.0004,trapezoid
male,1.0382,0.9813,1.0580,1.1471,0.9687,0.0103,trapezoid
male,1.0377,0.9809,1.0579,1.1474,0.9875,0.0104,trapezoid
male,1.0387,0.9828,1.0568,1.1529,0.9850,0.0019,trapezoid
male,1.0369,0.9836,1.0543,1.1558,0.9885,0.0024,trapezoid
male,1.0385,0.9852,1.0541,1.1421,0.9593,0.0066,trapezoid
male,1.0365,0.9824,1.0551,1.1468,0.9675,0.0165,trapezoid
male,1.0370,0.9826,1.0554,1.1413,0.9568,0.0046,trapezoid
male,1.0340,0.9788,1.0564,1.1446,0.9633,0.0088,trapezoid
male,1.0396,0.9787,1.0623,1.1446,0.9721,0.0102,trapezoid
male,1.0378,0.9838,1.0549,1.1544,0.9690,0.0255,trapezoid
male,1.0342,0.9817,1.0534,1.1483,0.9546,0.0057,trapezoid
male,1.0376,0.9835,1.0550,1.1438,0.9714,0.0023,trapezoid
male,1.0395,0.9817,1.0589,1.1484,0.9771,0.0051,trapezoid
male,1.0378,0.9817,1.0572,1.1513,0.9591,0.0024,trapezoid
male,1.0394,0.9843,1.0561,1.1450,0.9771,0.0101,trapezoid
male,1.0390,0.9799,1.0603,1.1449,0.9561,0.0012,trapezoid
male,1.0346,0.9808,1.0549,1.1576,0.9595,0.0000,trapezoid
male,1.0382,0.9842,1.0548,1.1405,0.9879,0.0043,trapezoid
male,1.0364,0.9806,1.0569,1.1426,0.9859,0.0078,trapezoid
male,1.0357,0.9793,1.0576,1.1479,0.9800,0.0089,trapezoid
male,1.0387,0.9784,1.0617,1.1440,0.9886,0.0113,trapezoid
male,1.0367,0.9793,1.0586,1.1486,0.9771,0.0241,trapezoid
male,1.0389,0.9842,1.0555,1.1450,0.9889,0.0030,trapezoid
male,1.0400,0.9813,1.0599,1.1503,0.9692,0.0056,trapezoid
male,1.0341,0.9818,1.0532,1.1513,0.9884,0.0028,trapezoid
male,1.0373,0.9795,1.0591,1.1433,0.9582,0.0044,trapezoid
male,1.0366,0.9830,1.0546,1.1466,0.9997,0.0059,trapezoid
male,1.0339,0.9853,1.0494,1.1534,0.9746,0.0028,trapezoid
male,1.0372,0.9791,1.0593,1.1533,0.9992,0.0135,trapezoid
male,1.0400,0.9793,1.0620,1.1527,0.9522,0.0014,trapezoid
male,1.0370,0.9825,1.0554,1.1567,0.9628,0.0037,trapezoid
male,1.0399,0.9811,1.0599,1.1503,0.9713,0.0018,trapezoid
male,1.0379,0.9820,1.0569,1.1505,0.9925,0.0048,trapezoid
male,1.0384,0.9840,1.0552,1.1564,0.9989,0.0072,trapezoid
male,1.0384,0.9835,1.0558,1.1604,0.9816,0.0020,trapezoid
male,1.0383,0.9823,1.0570,1.1504,0.9749,0.0095,trapezoid
male,1.0347,0.9810,1.0548,1.1472,0.9756,0.0049,trapezoid
male,1.0387,0.9793,1.0607,1.1495,0.9868,0.0144,trapezoid
male,1.0383,0.9854,1.0537,1.1464,0.9501,0.0212,trapezoid
male,1.0372,0.9790,1.0595,1.1502,0.9614,0.0150,trapezoid
male,1.0406,0.9823,1.0594,1.1477,0.9756,0.0058,trapezoid
male,1.0372,0.9812,1.0570,1.1418,0.9882,0.0076,trapezoid
male,1.0373,0.9817,1.0566,1.1501,0.9947,0.0002,trapezoid
male,1.0339,0.9800,1.0550,1.1432,0.9957,0.0075,trapezoid
male,1.0400,0.9825,1.0585,1.1516,0.9809,0.0169,trapezoid
male,1.0368,0.9789,1.0592,1.1582,0.9769,0.0096,trapezoid
male,1.0347,0.9812,1.0545,1.1358,0.9735,0.0012,trapezoid
male,1.0359,0.9834,1.0533,1.1453,0.9897,0.0161,trapezoid
male,1.0360,0.9842,1.0526,1.1515,0.9983,0.0070,trapezoid
male,1.0395,0.9818,1.0588,1.1549,0.9533,0.0032,trapezoid
male,1.0403,0.9800,1.0615,1.1442,0.9949,0.0008,trapezoid
male,1.0379,0.9789,1.0602,1.1515,0.9904,0.0077,trapezoid
male,1.0365,0.9802,1.0574,1.1486,0.9678,0.0026,trapezoid
male,1.0374,0.9814,1.0571,1.1458,0.9605,0.0002,trapezoid
male,1.0403,0.9786,1.0630,1.1511,0.9813,0.0155,trapezoid
male,1.0366,0.9820,1.0556,1.1487,0.9860,0.0043,trapezoid
male,1.0383,0.9789,1.0607,1.1418,0.9916,0.0032,trapezoid
male,1.0365,0.9840,1.0534,1.1372,0.9728,0.0101,trapezoid
male,1.0374,0.9811,1.0574,1.1457,0.9752,0.0036,trapezoid
male,1.0377,0.9806,1.0583,1.1433,0.9961,0.0113,trapezoid
male,1.0319,0.9792,1.0538,1.1445,0.9642,0.0019,trapezoid
male,1.0366,0.9819,1.0557,1.1477,0.9728,0.0085,trapezoid
male,1.0393,0.9810,1.0595,1.1490,0.9949,0.0064,trapezoid
male,1.0370,0.9780,1.0604,1.1456,0.9884,0.0059,trapezoid
male,1.0362,0.9792,1.0582,1.1537,0.9526,0.0021,trapezoid
male,1.0363,0.9815,1.0558,1.1550,0.9613,0.0110,trapezoid
male,1.0410,0.9825,1.0596,1.1445,0.9950,0.0169,trapezoid
male,1.0385,0.9819,1.0577,1.1485,0.9775,0.0042,trapezoid
male,1.0378,0.9783,1.0608,1.1542,0.9969,0.0003,trapezoid
male,1.0395,0.9792,1.0616,1.1521,0.9766,0.0022,trapezoid
male,1.0376,0.9845,1.0540,1.1444,0.9786,0.0067,trapezoid
male,1.0366,0.9800,1.0578,1.1482,0.9817,0.0054,trapezoid
male,1.0368,0.9830,1.0547,1.1500,0.9739,0.0242,trapezoid
male,1.0390,0.9784,1.0619,1.1465,0.9510,0.0028,trapezoid
male,1.0379,0.9811,1.0578,1.1453,0.9612,0.0020,trapezoid
male,1.0395,0.9812,1.0594,1.1452,0.9538,0.0154,trapezoid
male,1.0356,0.9871,1.0491,1.1473,0.9734,0.0049,trapezoid
male,1.0355,0.9840,1.0523,1.1492,0.9682,0.0028,trapezoid
male,1.0397,0.9800,1.0608,1.1577,0.9558,0.0014,trapezoid
male,1.0345,0.9787,1.0570,1.1504,0.9703,0.0090,trapezoid
male,1.0380,0.9778,1.0616,1.1455,0.9943,0.0090,trapezoid
male,1.0376,0.9768,1.0622,1.1436,0.9520,0.0057,trapezoid
male,1.0394,0.9817,1.0587,1.1484,0.9653,0.0126,trapezoid
male,1.0355,0.9849,1.0514,1.1536,0.9548,0.0226,trapezoid
male,1.0336,0.9828,1.0517,1.1561,0.9513,0.0054,trapezoid
male,1.0380,0.9814,1.0578,1.1588,0.9736,0.0120,trapezoid
male,1.0375,0.9826,1.0559,1.1523,0.9828,0.0128,trapezoid
male,1.0382,0.9831,1.0560,1.1463,0.9547,0.0112,trapezoid
male,1.0364,0.9832,1.0541,1.1521,0.9917,0.0070,trapezoid
male,1.0373,0.9807,1.0577,1.1510,0.9712,0.0072,trapezoid
male,1.0386,0.9812,1.0585,1.1526,0.9505,0.0071,trapezoid
male,1.0385,0.9807,1.0590,1.1483,0.9627,0.0007,trapezoid
male,1.0370,0.9835,1.0544,1.1549,0.9691,0.0044,trapezoid
male,1.0391,0.9820,1.0582,1.1524,0.9857,0.0061,trapezoid
male,1.0396,0.9835,1.0571,1.1474,0.9748,0.0103,trapezoid
male,1.0365,0.9828,1.0547,1.1558,0.9512,0.0086,trapezoid
male,1.0368,0.9805,1.0574,1.1491,0.9726,0.0012,trapezoid
male,1.0358,0.9880,1.0483,1.1471,0.9937,0.0062,trapezoid
male,1.0362,0.9836,1.0535,1.1538,0.9606,0.0050,trapezoid
male,1.0385,0.9805,1.0591,1.1471,0.9734,0.0068,trapezoid
male,1.0363,0.9805,1.0569,1.1405,0.9739,0.0031,trapezoid
male,1.0370,0.9778,1.0606,1.1487,0.9713,0.0027,trapezoid
male,1.0354,0.9827,1.0537,1.1569,0.9736,0.0063,trapezoid
male,1.0347,0.9787,1.0572,1.1463,0.9600,0.0018,trapezoid
male,1.0386,0.9784,1.0616,1.1567,0.9952,0.0082,trapezoid
male,1.0363,0.9801,1.0573,1.1572,0.9720,0.0026,trapezoid
male,1.0339,0.9800,1.0550,1.1478,0.9982,0.0113,trapezoid
male,1.0371,0.9789,1.0594,1.1468,0.9874,0.0032,trapezoid
male,1.0372,0.9795,1.0589,1.1418,0.9670,0.0035,trapezoid
male,1.0367,0.9803,1.0576,1.1527,0.9586,0.0076,trapezoid
male,1.0377,0.9813,1.0574,1.1533,0.9851,0.0067,trapezoid
male,1.0383,0.9809,1.0586,1.1534,0.9878,0.0136,trapezoid
male,1.0402,0.9809,1.0604,1.1436,0.9757,0.0008,trapezoid
male,1.0353,0.9851,1.0509,1.1528,0.9853,0.0044,trapezoid
male,1.0391,0.9803,1.0600,1.1482,0.9669,0.0032,trapezoid
male,1.0379,0.9842,1.0546,1.1484,0.9690,0.0013,trapezoid
male,1.0376,0.9788,1.0600,1.1485,0.9843,0.0280,trapezoid
male,1.0375,0.9813,1.0574,1.1465,0.9602,0.0038,trapezoid
male,1.0348,0.9795,1.0565,1.1500,0.9868,0.0013,trapezoid
male,1.0375,0.9825,1.0560,1.1429,0.9533,0.0189,trapezoid
male,1.0348,0.9804,1.0554,1.1543,0.9964,0.0055,trapezoid
male,1.0382,0.9802,1.0592,1.1516,0.9975,0.0045,trapezoid
male,1.0374,0.9792,1.0594,1.1385,0.9569,0.0039,trapezoid
male,1.0401,0.9792,1.0623,1.1469,0.9803,0.0012,trapezoid
male,1.0355,0.9815,1.0550,1.1524,0.9611,0.0117,trapezoid
male,1.0390,0.9812,1.0588,1.1402,0.9609,0.0033,trapezoid
male,1.0330,0.9816,1.0523,1.1469,0.9682,0.0087,trapezoid
male,1.0407,0.9844,1.0572,1.1406,0.9697,0.0191,trapezoid
male,1.0379,0.9803,1.0588,1.1495,0.9825,0.0114,trapezoid
male,1.0360,0.9806,1.0565,1.1481,0.9892,0.0028,trapezoid
male,1.0357,0.9838,1.0527,1.1488,0.9916,0.0122,trapezoid
male,1.0381,0.9859,1.0530,1.1485,0.9607,0.0074,trapezoid
male,1.0355,0.9810,1.0556,1.1585,0.9902,0.0025,trapezoid
male,1.0404,0.9796,1.0620,1.1454,0.9833,0.0049,trapezoid
male,1.0382,0.9808,1.0585,1.1579,0.9817,0.0092,trapezoid
male,1.0372,0.9784,1.0602,1.1499,0.9653,0.0101,trapezoid
male,1.0378,0.9814,1.0575,1.1513,0.9946,0.0210,trapezoid
male,1.0360,0.9797,1.0574,1.1503,0.9549,0.0235,trapezoid
male,1.0404,0.9800,1.0616,1.1535,0.9749,0.0004,trapezoid
male,1.0395,0.9807,1.0600,1.1518,0.9955,0.0139,trapezoid
male,1.0359,0.9802,1.0568,1.1467,0.9776,0.0000,trapezoid
male,1.0383,0.9798,1.0597,1.1499,0.9624,0.0060,trapezoid
male,1.0364,0.9777,1.0600,1.1427,0.9958,0.0100,trapezoid
male,1.0370,0.9815,1.0565,1.1576,0.9861,0.0018,trapezoid
male,1.0381,0.9810,1.0582,1.1492,0.9673,0.0188,trapezoid
male,1.0356,0.9787,1.0581,1.1531,0.9783,0.0198,trapezoid
male,1.0387,0.9846,1.0550,1.1529,0.9894,0.0011,trapezoid
male,1.0388,0.9801,1.0599,1.1459,0.9983,0.0187,trapezoid
male,1.0358,0.9769,1.0603,1.1429,0.9902,0.0138,trapezoid
male,1.0406,0.9799,1.0619,1.1474,0.9882,0.0183,trapezoid
male,1.0367,0.9792,1.0587,1.1553,0.9752,0.0038,trapezoid
male,1.0362,0.9834,1.0537,1.1515,0.9737,0.0003,trapezoid
male,1.0402,0.9808,1.0605,1.1465,0.9548,0.0148,trapezoid
male,1.0432,0.9805,1.0640,1.1409,0.9618,0.0067,trapezoid
male,1.0361,0.9829,1.0541,1.1468,0.9789,0.0149,trapezoid
male,1.0341,0.9813,1.0537,1.1477,0.9567,0.0094,trapezoid
male,1.0395,0.9835,1.0569,1.1442,0.9715,0.0067,trapezoid
male,1.0354,0.9838,1.0524,1.1438,0.9963,0.0107,trapezoid
male,1.0364,0.9823,1.0551,1.1451,0.9865,0.0108,trapezoid
male,1.0374,0.9813,1.0571,1.1543,0.9540,0.0075,trapezoid
male,1.0375,0.9785,1.0603,1.1436,0.9824,0.0029,trapezoid
male,1.0416,0.9824,1.0603,1.1388,0.9715,0.0170,trapezoid
male,1.0343,0.9808,1.0545,1.1454,0.9972,0.0111,trapezoid
male,1.0388,0.9816,1.0582,1.1551,0.9684,0.0012,trapezoid
male,1.0365,0.9789,1.0588,1.1519,0.9816,0.0119,trapezoid
male,1.0359,0.9810,1.0559,1.1545,0.9765,0.0051,trapezoid
male,1.0348,0.9819,1.0539,1.1465,0.9743,0.0120,trapezoid
male,1.0365,0.9786,1.0592,1.1479,0.9538,0.0063,trapezoid
male,1.0345,0.9803,1.0553,1.1587,0.9920,0.0015,trapezoid
male,1.0383,0.9806,1.0589,1.1483,0.9616,0.0102,trapezoid
male,1.0396,0.9831,1.0575,1.1517,0.9787,0.0033,trapezoid
male,1.0362,0.9792,1.0582,1.1496,0.9891,0.0034,trapezoid
male,1.0374,0.9786,1.0601,1.1506,0.9819,0.0082,trapezoid
male,1.0362,0.9835,1.0536,1.1531,0.9858,0.0122,trapezoid
male,1.0345,0.9821,1.0534,1.1527,0.9891,0.0059,trapezoid
male,1.0363,0.9811,1.0563,1.1448,0.9874,0.0159,trapezoid
male,1.0350,0.9773,1.0591,1.1522,0.9539,0.0035,trapezoid
male,1.0368,0.9814,1.0564,1.1517,0.9542,0.0013,trapezoid
male,1.0394,0.9781,1.0627,1.1509,0.9836,0.0189,trapezoid
male,1.0366,0.9826,1.0550,1.1470,0.9784,0.0052,trapezoid
male,1.0381,0.9845,1.0545,1.1539,0.9866,0.0113,trapezoid
male,1.0389,0.9800,1.0601,1.1446,0.9623,0.0013,trapezoid
male,1.0428,0.9815,1.0624,1.1416,0.9757,0.0134,trapezoid
male,1.0389,0.9809,1.0592,1.1461,0.9745,0.0032,trapezoid
male,1.0387,0.9820,1.0577,1.1427,0.9950,0.0026,trapezoid
male,1.0385,0.9781,1.0618,1.1494,0.9860,0.0088,trapezoid
male,1.0395,0.9827,1.0578,1.1554,0.9756,0.0082,trapezoid
male,1.0360,0.9811,1.0559,1.1460,0.9523,0.0067,trapezoid
male,1.0429,0.9820,1.0620,1.1396,0.9864,0.0127,trapezoid
male,1.0360,0.9804,1.0568,1.1486,0.9626,0.0001,trapezoid
male,1.0366,0.9790,1.0588,1.1584,0.9802,0.0154,trapezoid
male,1.0393,0.9818,1.0586,1.1533,0.9678,0.0010,trapezoid
male,1.0368,0.9798,1.0581,1.1504,0.9836,0.0076,trapezoid
male,1.0374,0.9837,1.0546,1.1486,0.9940,0.0035,trapezoid
male,1.0381,0.9779,1.0616,1.1437,0.9664,0.0076,trapezoid
male,1.0351,0.9766,1.0599,1.1407,0.9954,0.0185,trapezoid
male,1.0375,0.9839,1.0544,1.1601,0.9789,0.0079,trapezoid
male,1.0391,0.9837,1.0564,1.1460,0.9907,0.0016,trapezoid
male,1.0353,0.9804,1.0560,1.1423,0.9834,0.0043,trapezoid
male,1.0362,0.9813,1.0559,1.1485,0.9599,0.0059,trapezoid
male,1.0364,0.9803,1.0572,1.1554,0.9932,0.0021,trapezoid
male,1.0391,0.9833,1.0568,1.1502,0.9572,0.0050,trapezoid
male,1.0393,0.9828,1.0576,1.1560,0.9613,0.0014,trapezoid
male,1.0385,0.9811,1.0585,1.1616,0.9896,0.0023,trapezoid
male,1.0404,0.9807,1.0608,1.1494,0.9516,0.0179,trapezoid
male,1.0360,0.9796,1.0576,1.1511,0.9889,0.0123,trapezoid
male,1.0399,0.9825,1.0584,1.1536,0.9943,0.0046,trapezoid
male,1.0370,0.9844,1.0534,1.1527,0.9840,0.0037,trapezoid
male,1.0372,0.9793,1.0591,1.1456,0.9920,0.0078,trapezoid
male,1.0390,0.9753,1.0653,1.1475,0.9660,0.0159,trapezoid
male,1.0370,0.9816,1.0564,1.1403,0.9663,0.0144,trapezoid
male,1.0378,0.9804,1.0585,1.1471,0.9825,0.0032,trapezoid
male,1.0375,0.9852,1.0530,1.1632,0.9668,0.0190,trapezoid
male,1.0380,0.9848,1.0541,1.1571,0.9742,0.0073,trapezoid
male,1.0346,0.9816,1.0540,1.1560,0.9854,0.0090,trapezoid
male,1.0380,0.9846,1.0542,1.1497,0.9515,0.0218,trapezoid
male,1.0390,0.9815,1.0586,1.1537,0.9770,0.0152,trapezoid
male,1.0414,0.9809,1.0617,1.1514,0.9974,0.0007,trapezoid
male,1.0402,0.9817,1.0596,1.1500,0.9559,0.0082,trapezoid
male,1.0383,0.9813,1.0581,1.1447,0.9521,0.0062,trapezoid
male,1.0409,0.9835,1.0584,1.1477,0.9766,0.0140,trapezoid
male,1.0348,0.9805,1.0554,1.1486,0.9567,0.0029,trapezoid
male,1.0366,0.9806,1.0570,1.1497,0.9852,0.0019,trapezoid
male,1.0350,0.9828,1.0531,1.1498,0.9812,0.0004,trapezoid
male,1.0406,0.9810,1.0608,1.1581,0.9669,0.0069,trapezoid
male,1.0386,0.9867,1.0525,1.1513,0.9729,0.0147,trapezoid
male,1.0376,0.9799,1.0589,1.1547,0.9563,0.0084,trapezoid
male,1.0378,0.9759,1.0635,1.1606,0.9908,0.0123,trapezoid
male,1.0390,0.9790,1.0613,1.1500,0.9712,0.0187,trapezoid
male,1.0402,0.9812,1.0602,1.1502,0.9883,0.0109,trapezoid
male,1.0323,0.9810,1.0523,1.1512,0.9634,0.0104,trapezoid
male,1.0388,0.9804,1.0595,1.1428,0.9816,0.0151,trapezoid
male,1.0356,0.9805,1.0562,1.1499,0.9548,0.0051,trapezoid
male,1.0397,0.9815,1.0593,1.1420,0.9844,0.0155,trapezoid
male,1.0369,0.9817,1.0563,1.1418,0.9534,0.0059,trapezoid
male,1.0383,0.9830,1.0562,1.1422,0.9510,0.0078,trapezoid
male,1.0354,0.9796,1.0569,1.1537,0.9878,0.0005,trapezoid
male,1.0386,0.9852,1.0542,1.1554,0.9666,0.0196,trapezoid
male,1.0368,0.9808,1.0572,1.1477,0.9728,0.0000,trapezoid
male,1.0392,0.9785,1.0620,1.1431,0.9745,0.0165,trapezoid
male,1.0348,0.9784,1.0576,1.1510,0.9948,0.0079,trapezoid
male,1.0366,0.9857,1.0517,1.1485,0.9823,0.0025,trapezoid
male,1.0367,0.9801,1.0577,1.1532,0.9711,0.0234,trapezoid
male,1.0374,0.9807,1.0579,1.1491,0.9952,0.0024,trapezoid
male,1.0379,0.9792,1.0599,1.1538,0.9757,0.0006,trapezoid
male,1.0370,0.9821,1.0558,1.1544,0.9664,0.0035,trapezoid
male,1.0392,0.9806,1.0597,1.1490,0.9925,0.0035,trapezoid
male,1.0400,0.9800,1.0613,1.1600,0.9973,0.0089,trapezoid
male,1.0396,0.9803,1.0604,1.1451,0.9916,0.0001,trapezoid
male,1.0389,0.9867,1.0529,1.1537,0.9735,0.0111,trapezoid
male,1.0360,0.9771,1.0603,1.1483,0.9642,0.0040,trapezoid
male,1.0366,0.9823,1.0553,1.1459,0.9597,0.0031,trapezoid
male,1.0373,0.9838,1.0544,1.1444,0.9560,0.0049,trapezoid
male,1.0349,0.9821,1.0537,1.1515,0.9734,0.0153,trapezoid
male,1.0350,0.9817,1.0543,1.1504,0.9949,0.0173,trapezoid
male,1.0369,0.9805,1.0575,1.1488,0.9545,0.0109,trapezoid
male,1.0380,0.9832,1.0557,1.1533,0.9998,0.0009,trapezoid
male,1.0389,0.9798,1.0603,1.1435,0.9911,0.0002,trapezoid
male,1.0382,0.9825,1.0567,1.1497,0.9921,0.0000,trapezoid
male,1.0357,0.9812,1.0556,1.1460,0.9659,0.0038,trapezoid
male,1.0393,0.9816,1.0588,1.1466,0.9534,0.0104,trapezoid
male,1.0382,0.9837,1.0555,1.1487,0.9787,0.0110,trapezoid
male,1.0318,0.9823,1.0504,1.1490,0.9866,0.0105,trapezoid
male,1.0392,0.9790,1.0615,1.1416,0.9817,0.0043,trapezoid
male,1.0400,0.9802,1.0611,1.1442,0.9547,0.0119,trapezoid
male,1.0351,0.9806,1.0556,1.1456,0.9562,0.0072,trapezoid
male,1.0366,0.9843,1.0531,1.1569,0.9704,0.0011,trapezoid
male,1.0322,0.9764,1.0572,1.1564,0.9593,0.0081,trapezoid
male,1.0366,0.9844,1.0531,1.1558,0.9633,0.0075,trapezoid
male,1.0364,0.9822,1.0552,1.1493,0.9574,0.0076,trapezoid
male,1.0399,0.9832,1.0577,1.1456,0.9512,0.0127,trapezoid
male,1.0371,0.9815,1.0566,1.1472,0.9817,0.0022,trapezoid
male,1.0359,0.9760,1.0614,1.1482,0.9717,0.0076,trapezoid
male,1.0347,0.9800,1.0558,1.1483,0.9626,0.0040,trapezoid
male,1.0395,0.9801,1.0606,1.1563,0.9761,0.0037,trapezoid
male,1.0384,0.9814,1.0581,1.1453,0.9512,0.0106,trapezoid
male,1.0371,0.9825,1.0556,1.1425,0.9905,0.0067,trapezoid
male,1.0399,0.9818,1.0593,1.1532,0.9884,0.0108,trapezoid
male,1.0391,0.9805,1.0597,1.1423,0.9551,0.0020,trapezoid
male,1.0393,0.9806,1.0598,1.1523,0.9892,0.0077,trapezoid
male,1.0370,0.9801,1.0580,1.1469,0.9620,0.0006,trapezoid
male,1.0343,0.9801,1.0553,1.1444,0.9822,0.0197,trapezoid
male,1.0374,0.9819,1.0566,1.1459,0.9613,0.0080,trapezoid
male,1.0365,0.9826,1.0549,1.1524,0.9827,0.0003,trapezoid
male,1.0349,0.9808,1.0552,1.1485,0.9975,0.0024,trapezoid
male,1.0393,0.9810,1.0594,1.1421,0.9728,0.0045,trapezoid
male,1.0357,0.9854,1.0510,1.1503,0.9509,0.0018,trapezoid
male,1.0391,0.9824,1.0577,1.1564,0.9503,0.0130,trapezoid
male,1.0372,0.9769,1.0617,1.1519,0.9602,0.0097,trapezoid
male,1.0363,0.9772,1.0604,1.1473,0.9953,0.0098,trapezoid
male,1.0389,0.9814,1.0586,1.1552,0.9667,0.0129,trapezoid
male,1.0334,0.9773,1.0575,1.1513,0.9914,0.0215,trapezoid
male,1.0385,0.9817,1.0579,1.1476,0.9678,0.0138,trapezoid
male,1.0387,0.9832,1.0564,1.1499,0.9893,0.0088,trapezoid
male,1.0337,0.9823,1.0523,1.1496,0.9517,0.0032,trapezoid
male,1.0380,0.9768,1.0626,1.1542,0.9954,0.0071,trapezoid
male,1.0425,0.9797,1.0642,1.1506,0.9815,0.0073,trapezoid
male,1.0371,0.9822,1.0559,1.1587,0.9929,0.0215,trapezoid
male,1.0358,0.9812,1.0557,1.1457,0.9950,0.0104,trapezoid
male,1.0383,0.9836,1.0556,1.1420,0.9640,0.0012,trapezoid
male,1.0372,0.9780,1.0605,1.1491,0.9997,0.0165,trapezoid
male,1.0383,0.9811,1.0583,1.1489,0.9635,0.0112,trapezoid
male,1.0350,0.9831,1.0528,1.1532,0.9661,0.0059,trapezoid
male,1.0376,0.9799,1.0589,1.1443,0.9723,0.0062,trapezoid
male,1.0379,0.9844,1.0543,1.1509,0.9669,0.0125,trapezoid
male,1.0364,0.9782,1.0594,1.1537,0.9952,0.0009,trapezoid
male,1.0378,0.9791,1.0599,1.1580,0.9524,0.0054,trapezoid
male,1.0382,0.9809,1.0584,1.1509,0.9532,0.0010,trapezoid
male,1.0342,0.9797,1.0556,1.1541,0.9565,0.0078,trapezoid
male,1.0361,0.9806,1.0566,1.1494,0.9754,0.0125,trapezoid
male,1.0411,0.9815,1.0607,1.1556,0.9709,0.0084,trapezoid
male,1.0394,0.9814,1.0590,1.1368,0.9559,0.0050,trapezoid
male,0.9137,0.9803,0.9321,1.1037,0.9645,0.0126,rectangle
male,0.9118,0.9811,0.9294,1.0939,0.9589,0.0102,rectangle
male,0.9096,0.9789,0.9292,1.0810,0.9645,0.0045,rectangle
male,0.9101,0.9813,0.9275,1.0848,0.9692,0.0050,rectangle
male,0.9077,0.9863,0.9203,1.0903,0.9938,0.0033,rectangle
male,0.9120,0.9804,0.9302,1.0888,0.9765,0.0062,rectangle
male,0.9090,0.9822,0.9254,1.0974,0.9789,0.0128,rectangle
male,0.9140,0.9803,0.9324,1.0902,0.9793,0.0135,rectangle
male,0.9092,0.9849,0.9232,1.0862,0.9735,0.0167,rectangle
male,0.9104,0.9813,0.9278,1.0887,0.9775,0.0002,rectangle
male,0.9122,0.9814,0.9295,1.0914,0.9932,0.0057,rectangle
male,0.9138,0.9787,0.9336,1.0893,0.9874,0.0261,rectangle
male,0.9121,0.9809,0.9299,1.0876,0.9533,0.0101,rectangle
male,0.9135,0.9816,0.9306,1.0909,0.9793,0.0035,rectangle
male,0.9086,0.9796,0.9276,1.0850,0.9546,0.0109,rectangle
male,0.9102,0.9779,0.9308,1.0904,0.9617,0.0029,rectangle
male,0.9104,0.9851,0.9241,1.0954,0.9592,0.0051,rectangle
male,0.9115,0.9769,0.9330,1.0923,0.9978,0.0124,rectangle
male,0.9068,0.9813,0.9241,1.0823,0.9590,0.0039,rectangle
male,0.9113,0.9791,0.9307,1.0861,0.9719,0.0158,rectangle
male,0.9084,0.9845,0.9226,1.0868,0.9553,0.0132,rectangle
male,0.9130,0.9792,0.9324,1.0899,0.9967,0.0088,rectangle
male,0.9093,0.9778,0.9299,1.0869,0.9689,0.0234,rectangle
male,0.9083,0.9822,0.9248,1.0988,0.9911,0.0095,rectangle
male,0.9121,0.9821,0.9287,1.0859,0.9966,0.0047,rectangle
male,0.9135,0.9795,0.9327,1.0974,0.9579,0.0022,rectangle
male,0.9074,0.9799,0.9260,1.0903,0.9849,0.0013,rectangle
male,0.9108,0.9815,0.9280,1.0875,0.9629,0.0081,rectangle
male,0.9091,0.9806,0.9270,1.0878,0.9534,0.0053,rectangle
male,0.9123,0.9847,0.9265,1.0850,0.9892,0.0230,rectangle
male,0.9103,0.9815,0.9274,1.0925,0.9810,0.0029,rectangle
male,0.9102,0.9835,0.9255,1.0890,0.9568,0.0003,rectangle
male,0.9116,0.9795,0.9307,1.0888,0.9549,0.0093,rectangle
male,0.9133,0.9773,0.9346,1.0952,0.9960,0.0027,rectangle
male,0.9132,0.9797,0.9321,1.0932,0.9614,0.0037,rectangle
male,0.9099,0.9793,0.9291,1.0853,0.9592,0.0161,rectangle
male,0.9105,0.9817,0.9275,1.0942,0.9920,0.0075,rectangle
male,0.9128,0.9777,0.9337,1.1004,0.9894,0.0176,rectangle
male,0.9120,0.9799,0.9308,1.0919,0.9848,0.0082,rectangle
male,0.9097,0.9787,0.9295,1.0851,0.9939,0.0020,rectangle
male,0.9129,0.9819,0.9297,1.0867,0.9688,0.0014,rectangle
male,0.9087,0.9796,0.9276,1.0917,0.9679,0.0051,rectangle
male,0.9112,0.9833,0.9266,1.0792,0.9932,0.0087,rectangle
male,0.9131,0.9785,0.9332,1.0883,0.9903,0.0147,rectangle
male,0.9099,0.9779,0.9305,1.0927,0.9513,0.0008,rectangle
male,0.9104,0.9796,0.9294,1.0825,0.9812,0.0063,rectangle
male,0.9074,0.9829,0.9232,1.0983,0.9909,0.0103,rectangle
male,0.9097,0.9816,0.9268,1.0875,0.9644,0.0030,rectangle
male,0.9106,0.9816,0.9277,1.0821,0.9708,0.0205,rectangle
male,0.9114,0.9769,0.9329,1.0842,0.9974,0.0036,rectangle
male,0.9098,0.9799,0.9285,1.1008,0.9500,0.0072,rectangle
male,0.9144,0.9787,0.9343,1.0905,0.9634,0.0060,rectangle
male,0.9071,0.9809,0.9248,1.0924,0.9595,0.0093,rectangle
male,0.9088,0.9802,0.9272,1.0899,0.9718,0.0028,rectangle
male,0.9112,0.9804,0.9295,1.0955,0.9539,0.0033,rectangle
male,0.9102,0.9796,0.9291,1.0999,0.9501,0.0032,rectangle
male,0.9119,0.9822,0.9284,1.0899,0.9968,0.0097,rectangle
male,0.9095,0.9802,0.9278,1.0864,0.9520,0.0041,rectangle
male,0.9080,0.9821,0.9246,1.0912,0.9568,0.0045,rectangle
male,0.9103,0.9793,0.9296,1.0896,0.9864,0.0004,rectangle
male,0.9098,0.9794,0.9290,1.0825,0.9531,0.0074,rectangle
male,0.9121,0.9789,0.9317,1.0953,0.9639,0.0035,rectangle
male,0.9119,0.9773,0.9331,1.0972,0.9720,0.0034,rectangle
male,0.9081,0.9845,0.9224,1.0837,0.9520,0.0029,rectangle
male,0.9128,0.9809,0.9305,1.0893,0.9694,0.0230,rectangle
male,0.9110,0.9804,0.9292,1.0870,0.9722,0.0073,rectangle
male,0.9053,0.9824,0.9215,1.0896,0.9918,0.0168,rectangle
male,0.9122,0.9811,0.9298,1.0970,0.9844,0.0103,rectangle
male,0.9116,0.9806,0.9297,1.0896,0.9822,0.0041,rectangle
male,0.9104,0.9786,0.9302,1.0909,0.9509,0.0042,rectangle
male,0.9126,0.9810,0.9302,1.0918,0.9864,0.0071,rectangle
male,0.9096,0.9780,0.9300,1.0886,0.9718,0.0109,rectangle
male,0.9096,0.9806,0.9275,1.0969,0.9842,0.0143,rectangle
male,0.9099,0.9786,0.9298,1.0919,0.9637,0.0002,rectangle
male,0.9094,0.9818,0.9263,1.0833,0.9673,0.0095,rectangle
male,0.9101,0.9817,0.9270,1.1005,0.9680,0.0017,rectangle
male,0.9111,0.9797,0.9300,1.0907,0.9579,0.0051,rectangle
male,0.9090,0.9810,0.9265,1.0856,0.9673,0.0031,rectangle
male,0.9094,0.9814,0.9266,1.0967,0.9932,0.0244,rectangle
male,0.9131,0.9801,0.9317,1.0938,0.9712,0.0284,rectangle
male,0.9134,0.9798,0.9322,1.0810,0.9708,0.0018,rectangle
male,0.9118,0.9766,0.9336,1.0880,0.9715,0.0029,rectangle
male,0.9093,0.9811,0.9268,1.0890,0.9961,0.0032,rectangle
male,0.9113,0.9823,0.9277,1.0850,0.9972,0.0023,rectangle
male,0.9097,0.9810,0.9273,1.0873,0.9910,0.0072,rectangle
male,0.9141,0.9791,0.9336,1.0860,0.9896,0.0083,rectangle
male,0.9104,0.9794,0.9295,1.0848,0.9651,0.0015,rectangle
male,0.9107,0.9794,0.9298,1.0871,0.9879,0.0061,rectangle
male,0.9096,0.9788,0.9293,1.0851,0.9550,0.0216,rectangle
male,0.9108,0.9818,0.9277,1.0891,0.9815,0.0174,rectangle
male,0.9078,0.9823,0.9242,1.0762,0.9538,0.0011,rectangle
male,0.9103,0.9825,0.9265,1.0978,0.9811,0.0118,rectangle
male,0.9120,0.9781,0.9324,1.0983,0.9910,0.0024,rectangle
male,0.9107,0.9798,0.9295,1.0836,0.9615,0.0131,rectangle
male,0.9094,0.9808,0.9273,1.0996,0.9794,0.0042,rectangle
male,0.9110,0.9806,0.9290,1.0914,0.9644,0.0108,rectangle
male,0.9130,0.9789,0.9327,1.0924,0.9967,0.0114,rectangle
male,0.9079,0.9824,0.9241,1.0834,0.9853,0.0087,rectangle
male,0.9098,0.9795,0.9289,1.0993,0.9725,0.0017,rectangle
male,0.9113,0.9784,0.9314,1.0881,0.9957,0.0041,rectangle
male,0.9111,0.9786,0.9310,1.0838,0.9876,0.0043,rectangle
male,0.9101,0.9812,0.9275,1.0937,0.9984,0.0100,rectangle
male,0.9069,0.9837,0.9219,1.0873,0.9799,0.0063,rectangle
male,0.9120,0.9816,0.9291,1.0892,0.9801,0.0042,rectangle
male,0.9113,0.9831,0.9270,1.0915,0.9962,0.0180,rectangle
male,0.9100,0.9778,0.9306,1.0888,0.9587,0.0067,rectangle
male,0.9113,0.9792,0.9306,1.0951,0.9567,0.0275,rectangle
male,0.9102,0.9786,0.9302,1.1012,0.9739,0.0035,rectangle
male,0.9094,0.9818,0.9263,1.0858,0.9931,0.0074,rectangle
male,0.9097,0.9811,0.9272,1.0986,0.9763,0.0016,rectangle
male,0.9102,0.9815,0.9274,1.0901,0.9640,0.0009,rectangle
male,0.9086,0.9812,0.9260,1.0947,0.9839,0.0120,rectangle
male,0.9102,0.9815,0.9273,1.0922,0.9855,0.0090,rectangle
male,0.9068,0.9816,0.9238,1.0842,0.9563,0.0074,rectangle
male,0.9097,0.9787,0.9295,1.0862,0.9625,0.0062,rectangle
male,0.9080,0.9830,0.9237,1.0928,0.9822,0.0077,rectangle
male,0.9097,0.9807,0.9276,1.0892,0.9997,0.0134,rectangle
male,0.9080,0.9798,0.9267,1.0992,0.9786,0.0048,rectangle
male,0.9115,0.9805,0.9296,1.0988,0.9622,0.0105,rectangle
male,0.9117,0.9771,0.9330,1.0868,0.9939,0.0033,rectangle
male,0.9118,0.9807,0.9297,1.0904,0.9767,0.0075,rectangle
male,0.9102,0.9795,0.9292,1.0836,0.9999,0.0037,rectangle
male,0.9096,0.9818,0.9265,1.0947,0.9664,0.0026,rectangle
male,0.9104,0.9792,0.9298,1.0964,0.9817,0.0075,rectangle
male,0.9094,0.9816,0.9264,1.0970,0.9784,0.0015,rectangle
male,0.9116,0.9815,0.9289,1.0948,0.9718,0.0002,rectangle
male,0.9117,0.9781,0.9322,1.0968,0.9841,0.0162,rectangle
male,0.9122,0.9780,0.9327,1.0892,0.9852,0.0050,rectangle
male,0.9100,0.9811,0.9275,1.0909,0.9659,0.0263,rectangle
male,0.9121,0.9803,0.9304,1.0936,0.9994,0.0274,rectangle
male,0.9137,0.9797,0.9326,1.0873,0.9688,0.0240,rectangle
male,0.9094,0.9814,0.9266,1.0951,0.9707,0.0111,rectangle
male,0.9105,0.9839,0.9254,1.0885,0.9693,0.0241,rectangle
male,0.9103,0.9818,0.9272,1.0847,0.9736,0.0006,rectangle
male,0.9111,0.9774,0.9321,1.0942,0.9972,0.0001,rectangle
male,0.9124,0.9811,0.9299,1.0891,0.9808,0.0092,rectangle
male,0.9108,0.9758,0.9334,1.0861,0.9766,0.0134,rectangle
male,0.9129,0.9818,0.9298,1.0941,0.9790,0.0073,rectangle
male,0.9138,0.9810,0.9315,1.0850,0.9722,0.0030,rectangle
male,0.9121,0.9813,0.9295,1.1043,0.9644,0.0079,rectangle
male,0.9158,0.9810,0.9336,1.0888,0.9603,0.0061,rectangle
male,0.9072,0.9830,0.9229,1.0882,0.9967,0.0045,rectangle
male,0.9110,0.9837,0.9261,1.0825,0.9758,0.0095,rectangle
male,0.9075,0.9833,0.9229,1.0880,0.9922,0.0144,rectangle
male,0.9094,0.9803,0.9276,1.0957,0.9889,0.0004,rectangle
male,0.9152,0.9830,0.9311,1.0852,0.9695,0.0066,rectangle
male,0.9103,0.9795,0.9294,1.0845,0.9872,0.0066,rectangle
male,0.9115,0.9763,0.9336,1.0848,0.9804,0.0121,rectangle
male,0.9126,0.9782,0.9329,1.0922,0.9599,0.0000,rectangle
male,0.9080,0.9821,0.9246,1.0842,0.9620,0.0014,rectangle
male,0.9105,0.9807,0.9285,1.0884,0.9877,0.0042,rectangle
male,0.9098,0.9765,0.9316,1.0940,0.9659,0.0096,rectangle
male,0.9118,0.9819,0.9285,1.0898,0.9984,0.0087,rectangle
male,0.9115,0.9789,0.9312,1.0949,0.9965,0.0048,rectangle
male,0.9138,0.9847,0.9280,1.0924,0.9648,0.0038,rectangle
male,0.9122,0.9808,0.9301,1.0965,0.9711,0.0113,rectangle
male,0.9108,0.9784,0.9308,1.0923,0.9734,0.0080,rectangle
male,0.9102,0.9809,0.9280,1.0916,0.9794,0.0119,rectangle
male,0.9122,0.9791,0.9317,1.1029,0.9974,0.0052,rectangle
male,0.9082,0.9767,0.9298,1.0916,0.9709,0.0056,rectangle
male,0.9136,0.9800,0.9322,1.0872,0.9539,0.0127,rectangle
male,0.9107,0.9779,0.9314,1.0878,0.9892,0.0106,rectangle
male,0.9074,0.9827,0.9234,1.0944,0.9533,0.0158,rectangle
male,0.9107,0.9827,0.9268,1.0929,0.9539,0.0111,rectangle
male,0.9121,0.9811,0.9297,1.0933,0.9579,0.0074,rectangle
male,0.9099,0.9797,0.9287,1.0961,0.9873,0.0076,rectangle
male,0.9102,0.9751,0.9334,1.0887,0.9711,0.0006,rectangle
male,0.9113,0.9780,0.9318,1.0883,0.9883,0.0121,rectangle
male,0.9091,0.9800,0.9276,1.0922,0.9572,0.0028,rectangle
male,0.9126,0.9811,0.9302,1.0847,0.9527,0.0053,rectangle
male,0.9113,0.9807,0.9292,1.0849,0.9645,0.0153,rectangle
male,0.9100,0.9787,0.9298,1.0920,0.9940,0.0018,rectangle
male,0.9114,0.9783,0.9316,1.0910,0.9662,0.0073,rectangle
male,0.9109,0.9806,0.9289,1.0850,0.9725,0.0020,rectangle
male,0.9116,0.9826,0.9278,1.0966,0.9621,0.0104,rectangle
male,0.9075,0.9819,0.9242,1.0884,0.9892,0.0070,rectangle
male,0.9111,0.9812,0.9286,1.0932,0.9942,0.0137,rectangle
male,0.9117,0.9810,0.9293,1.0986,0.9580,0.0037,rectangle
male,0.9124,0.9778,0.9331,1.0857,0.9501,0.0011,rectangle
male,0.9103,0.9778,0.9310,1.0966,0.9843,0.0017,rectangle
male,0.9087,0.9809,0.9265,1.0972,0.9570,0.0010,rectangle
male,0.9104,0.9811,0.9279,1.0865,0.9567,0.0081,rectangle
male,0.9130,0.9778,0.9337,1.0897,0.9855,0.0025,rectangle
male,0.9101,0.9801,0.9286,1.0879,0.9500,0.0207,rectangle
male,0.9125,0.9803,0.9309,1.0934,0.9713,0.0010,rectangle
male,0.9100,0.9781,0.9304,1.0903,0.9648,0.0033,rectangle
male,0.9144,0.9810,0.9321,1.0923,0.9961,0.0146,rectangle
male,0.9112,0.9815,0.9284,1.0858,0.9691,0.0156,rectangle
male,0.9086,0.9791,0.9279,1.0875,0.9509,0.0155,rectangle
male,0.9106,0.9787,0.9305,1.0876,0.9891,0.0053,rectangle
male,0.9137,0.9790,0.9333,1.0841,0.9916,0.0106,rectangle
male,0.9088,0.9807,0.9267,1.0914,0.9772,0.0021,rectangle
male,0.9086,0.9777,0.9294,1.0951,0.9936,0.0171,rectangle
male,0.9142,0.9809,0.9320,1.0897,0.9910,0.0037,rectangle
male,0.9129,0.9828,0.9289,1.0888,0.9592,0.0120,rectangle
male,0.9117,0.9777,0.9325,1.0957,0.9694,0.0017,rectangle
male,0.9145,0.9766,0.9365,1.1002,0.9810,0.0174,rectangle
male,0.9090,0.9834,0.9244,1.0846,0.9969,0.0154,rectangle
male,0.9090,0.9788,0.9287,1.0864,0.9679,0.0088,rectangle
male,0.9098,0.9794,0.9289,1.0897,0.9526,0.0046,rectangle
male,0.9098,0.9807,0.9277,1.0992,0.9544,0.0174,rectangle
male,0.9111,0.9824,0.9274,1.0956,0.9561,0.0131,rectangle
male,0.9109,0.9813,0.9283,1.0793,0.9984,0.0008,rectangle
male,0.9120,0.9806,0.9301,1.0895,0.9795,0.0131,rectangle
male,0.9118,0.9805,0.9300,1.0932,0.9570,0.0041,rectangle
male,0.9068,0.9769,0.9283,1.0861,0.9527,0.0004,rectangle
male,0.9116,0.9762,0.9338,1.0890,0.9512,0.0102,rectangle
male,0.9099,0.9792,0.9292,1.0978,0.9661,0.0036,rectangle
male,0.9069,0.9814,0.9241,1.0954,0.9604,0.0082,rectangle
male,0.9141,0.9751,0.9375,1.0850,0.9515,0.0023,rectangle
male,0.9125,0.9816,0.9295,1.0814,0.9531,0.0085,rectangle
male,0.9087,0.9791,0.9280,1.0931,0.9502,0.0102,rectangle
male,0.9103,0.9786,0.9302,1.0798,0.9528,0.0206,rectangle
male,0.9085,0.9779,0.9291,1.0947,0.9930,0.0183,rectangle
male,0.9089,0.9786,0.9287,1.0931,0.9981,0.0062,rectangle
male,0.9065,0.9838,0.9215,1.0893,0.9841,0.0085,rectangle
male,0.9173,0.9788,0.9371,1.0882,0.9547,0.0028,rectangle
male,0.9122,0.9796,0.9312,1.0809,0.9662,0.0152,rectangle
male,0.9115,0.9778,0.9321,1.0962,0.9659,0.0010,rectangle
male,0.9085,0.9838,0.9235,1.0878,0.9726,0.0042,rectangle
male,0.9106,0.9810,0.9282,1.0971,0.9969,0.0023,rectangle
male,0.9111,0.9811,0.9287,1.0951,0.9863,0.0068,rectangle
male,0.9100,0.9822,0.9265,1.0849,0.9820,0.0010,rectangle
male,0.9140,0.9818,0.9310,1.0845,0.9992,0.0062,rectangle
male,0.9126,0.9829,0.9285,1.0912,0.9606,0.0063,rectangle
male,0.9115,0.9800,0.9301,1.0886,0.9824,0.0126,rectangle
male,0.9130,0.9830,0.9288,1.0939,0.9743,0.0076,rectangle
male,0.9079,0.9788,0.9276,1.0971,0.9878,0.0106,rectangle
male,0.9082,0.9820,0.9249,1.0817,0.9758,0.0048,rectangle
male,0.9098,0.9769,0.9313,1.0956,0.9913,0.0059,rectangle
male,0.9085,0.9813,0.9258,1.0884,0.9892,0.0002,rectangle
male,0.9127,0.9762,0.9350,1.1004,0.9691,0.0051,rectangle
male,0.9111,0.9800,0.9297,1.0953,0.9657,0.0097,rectangle
male,0.9121,0.9789,0.9318,1.0923,0.9805,0.0089,rectangle
male,0.9115,0.9846,0.9257,1.0891,0.9674,0.0140,rectangle
male,0.9084,0.9798,0.9271,1.0939,0.9640,0.0011,rectangle
male,0.9109,0.9829,0.9267,1.0886,0.9832,0.0057,rectangle
male,0.9114,0.9787,0.9313,1.0904,0.9771,0.0129,rectangle
male,0.9088,0.9790,0.9283,1.0906,0.9643,0.0105,rectangle
male,0.9114,0.9820,0.9281,1.0908,0.9716,0.0176,rectangle
male,0.9126,0.9821,0.9292,1.0913,0.9646,0.0083,rectangle
male,0.9081,0.9789,0.9276,1.0843,0.9556,0.0015,rectangle
male,0.9097,0.9801,0.9282,1.0982,0.9852,0.0035,rectangle
male,0.9109,0.9794,0.9300,1.0839,0.9647,0.0127,rectangle
male,0.9122,0.9830,0.9280,1.0991,0.9782,0.0182,rectangle
male,0.9069,0.9813,0.9242,1.0896,0.9965,0.0061,rectangle
male,0.9102,0.9803,0.9285,1.0859,0.9513,0.0106,rectangle
male,0.9095,0.9808,0.9273,1.0976,0.9672,0.0080,rectangle
male,0.9128,0.9807,0.9308,1.0927,0.9782,0.0060,rectangle
male,0.9111,0.9789,0.9308,1.0923,0.9809,0.0094,rectangle
male,0.9139,0.9834,0.9293,1.0887,0.9785,0.0025,rectangle
male,0.9120,0.9819,0.9288,1.0799,0.9685,0.0069,rectangle
male,0.9090,0.9787,0.9287,1.0904,0.9707,0.0008,rectangle
male,0.9086,0.9801,0.9270,1.0958,0.9590,0.0004,rectangle
male,0.9084,0.9804,0.9265,1.0929,0.9788,0.0003,rectangle
male,0.9122,0.9819,0.9290,1.0869,0.9586,0.0031,rectangle
male,0.9103,0.9808,0.9282,1.0881,0.9860,0.0162,rectangle
male,0.9106,0.9815,0.9277,1.0958,0.9748,0.0024,rectangle
male,0.9074,0.9842,0.9220,1.0847,0.9845,0.0031,rectangle
male,0.9155,0.9820,0.9323,1.0867,0.9721,0.0113,rectangle
male,0.9098,0.9780,0.9303,1.0810,0.9997,0.0003,rectangle
male,0.9089,0.9788,0.9286,1.0861,0.9825,0.0053,rectangle
male,0.9080,0.9807,0.9259,1.0904,0.9916,0.0101,rectangle
male,0.9116,0.9776,0.9325,1.0843,0.9825,0.0074,rectangle
male,0.9147,0.9817,0.9317,1.0919,0.9779,0.0112,rectangle
male,0.9139,0.9792,0.9333,1.0931,0.9914,0.0140,rectangle
male,0.9118,0.9800,0.9304,1.0931,0.9570,0.0148,rectangle
male,0.9103,0.9803,0.9286,1.0874,0.9703,0.0094,rectangle
male,0.9102,0.9801,0.9287,1.0897,0.9701,0.0059,rectangle
male,0.9113,0.9759,0.9339,1.0914,0.9563,0.0061,rectangle
male,0.9080,0.9830,0.9237,1.0885,0.9583,0.0042,rectangle
male,0.9103,0.9797,0.9292,1.0840,0.9736,0.0119,rectangle
male,0.9106,0.9822,0.9271,1.0881,0.9976,0.0254,rectangle
male,0.9109,0.9758,0.9335,1.0939,0.9632,0.0102,rectangle
male,0.9111,0.9786,0.9309,1.0914,0.9601,0.0128,rectangle
male,0.9101,0.9818,0.9269,1.0835,0.9688,0.0116,rectangle
male,0.9100,0.9828,0.9259,1.0943,0.9931,0.0067,rectangle
male,0.9058,0.9828,0.9216,1.0803,0.9707,0.0113,rectangle
male,0.9083,0.9781,0.9287,1.0794,0.9589,0.0017,rectangle
male,0.9067,0.9778,0.9273,1.0947,0.9719,0.0155,rectangle
male,0.9121,0.9785,0.9322,1.0794,0.9764,0.0028,rectangle
male,0.9107,0.9773,0.9319,1.0960,0.9768,0.0168,rectangle
male,0.9136,0.9791,0.9332,1.0893,0.9548,0.0071,rectangle
male,0.9100,0.9773,0.9312,1.0912,0.9510,0.0155,rectangle
male,0.9127,0.9775,0.9338,1.0906,0.9911,0.0002,rectangle
male,0.9098,0.9830,0.9255,1.0965,0.9888,0.0190,rectangle
male,0.9111,0.9811,0.9287,1.0901,0.9830,0.0172,rectangle
male,0.9091,0.9773,0.9302,1.0941,0.9504,0.0018,rectangle
male,0.9146,0.9822,0.9312,1.0971,0.9521,0.0126,rectangle
male,0.9116,0.9803,0.9299,1.0890,0.9986,0.0123,rectangle
male,0.9099,0.9826,0.9261,1.0812,0.9565,0.0011,rectangle
male,0.9083,0.9808,0.9260,1.0858,0.9618,0.0094,rectangle
male,0.9097,0.9770,0.9311,1.0856,0.9867,0.0013,rectangle
male,0.9074,0.9799,0.9259,1.0919,0.9986,0.0078,rectangle
male,0.9096,0.9790,0.9292,1.0883,0.9976,0.0003,rectangle
male,0.9095,0.9774,0.9305,1.0883,0.9977,0.0239,rectangle
male,0.9094,0.9786,0.9293,1.0950,0.9653,0.0073,rectangle
male,0.9096,0.9799,0.9283,1.0896,0.9945,0.0061,rectangle
male,0.9079,0.9806,0.9259,1.0921,0.9796,0.0077,rectangle
male,0.9087,0.9812,0.9261,1.0857,0.9998,0.0053,rectangle
male,0.9094,0.9803,0.9276,1.0965,0.9791,0.0118,rectangle
male,0.9090,0.9802,0.9274,1.0862,0.9932,0.0032,rectangle
male,0.9117,0.9787,0.9315,1.0898,0.9589,0.0042,rectangle
male,0.9084,0.9795,0.9273,1.0962,0.9558,0.0062,rectangle
male,0.9107,0.9804,0.9289,1.0895,0.9525,0.0183,rectangle
male,0.9089,0.9784,0.9290,1.0883,0.9818,0.0073,rectangle
male,0.9109,0.9770,0.9324,1.0826,0.9553,0.0063,rectangle
male,0.9100,0.9805,0.9280,1.0862,0.9659,0.0003,rectangle
male,0.9112,0.9793,0.9304,1.0962,0.9561,0.0078,rectangle
male,0.9069,0.9786,0.9267,1.0871,0.9843,0.0046,rectangle
male,0.9108,0.9817,0.9278,1.0871,0.9546,0.0017,rectangle
male,0.9138,0.9837,0.9290,1.0890,0.9550,0.0144,rectangle
male,0.9129,0.9810,0.9306,1.0942,0.9610,0.0114,rectangle
male,0.9123,0.9780,0.9328,1.0906,0.9721,0.0143,rectangle
male,0.9095,0.9795,0.9285,1.0822,0.9818,0.0068,rectangle
male,0.9060,0.9800,0.9245,1.0930,0.9938,0.0034,rectangle
male,0.9133,0.9827,0.9294,1.0892,0.9520,0.0044,rectangle
male,0.9127,0.9831,0.9283,1.0926,0.9890,0.0122,rectangle
male,0.9073,0.9796,0.9262,1.0956,0.9558,0.0087,rectangle
male,0.9099,0.9804,0.9281,1.0929,0.9575,0.0180,rectangle
male,0.9151,0.9801,0.9337,1.0929,0.9915,0.0073,rectangle
male,0.9082,0.9805,0.9263,1.0985,0.9906,0.0170,rectangle
male,0.9082,0.9773,0.9293,1.0949,0.9902,0.0044,rectangle
male,0.9080,0.9812,0.9254,1.0932,0.9580,0.0101,rectangle
male,0.9131,0.9818,0.9300,1.0954,0.9823,0.0150,rectangle
male,0.9104,0.9828,0.9264,1.0931,0.9753,0.0012,rectangle
male,0.9110,0.9798,0.9298,1.0863,0.9695,0.0076,rectangle
male,0.9130,0.9789,0.9327,1.0871,0.9896,0.0117,rectangle
male,0.9138,0.9802,0.9323,1.0851,0.9597,0.0222,rectangle
male,0.9131,0.9806,0.9312,1.0970,0.9652,0.0002,rectangle
male,0.9092,0.9794,0.9284,1.0884,0.9533,0.0161,rectangle
male,0.9129,0.9815,0.9302,1.0999,0.9576,0.0067,rectangle
male,0.9122,0.9821,0.9288,1.0901,0.9742,0.0119,rectangle
male,0.9099,0.9816,0.9269,1.0886,0.9667,0.0010,rectangle
male,0.9099,0.9838,0.9250,1.0868,0.9574,0.0116,rectangle
male,0.9089,0.9776,0.9297,1.0998,0.9873,0.0140,rectangle
male,0.9123,0.9811,0.9298,1.0856,0.9635,0.0085,rectangle
male,0.9123,0.9825,0.9285,1.0857,0.9707,0.0021,rectangle
male,0.9072,0.9789,0.9267,1.0959,0.9918,0.0203,rectangle
male,0.9104,0.9812,0.9279,1.0959,0.9561,0.0182,rectangle
male,0.9084,0.9815,0.9255,1.0779,0.9798,0.0079,rectangle
male,0.9108,0.9812,0.9282,1.1002,0.9805,0.0084,rectangle
male,0.9110,0.9759,0.9335,1.0975,0.9552,0.0016,rectangle
male,0.9102,0.9781,0.9305,1.0917,0.9691,0.0179,rectangle
male,0.9080,0.9814,0.9252,1.0952,0.9758,0.0031,rectangle
male,0.9143,0.9788,0.9342,1.0923,0.9605,0.0148,rectangle
male,0.9145,0.9816,0.9317,1.0851,0.9505,0.0079,rectangle
male,0.9108,0.9783,0.9310,1.0873,0.9598,0.0043,rectangle
male,0.9096,0.9772,0.9309,1.0936,0.9584,0.0154,rectangle
male,0.9112,0.9787,0.9310,1.0921,0.9933,0.0036,rectangle
male,0.7397,0.9299,0.7954,0.8080,0.9785,0.0042,triangle
male,0.7420,0.9314,0.7967,0.8034,0.9671,0.0135,triangle
male,0.7383,0.9316,0.7925,0.8042,0.9845,0.0083,triangle
male,0.7428,0.9295,0.7991,0.8006,0.9777,0.0107,triangle
male,0.7441,0.9358,0.7951,0.8094,0.9551,0.0057,triangle
male,0.7385,0.9286,0.7952,0.8093,0.9634,0.0114,triangle
male,0.7381,0.9292,0.7943,0.8102,0.9831,0.0031,triangle
male,0.7427,0.9312,0.7975,0.8095,0.9564,0.0133,triangle
male,0.7385,0.9312,0.7930,0.8162,0.9538,0.0179,triangle
male,0.7375,0.9338,0.7898,0.8151,0.9832,0.0117,triangle
male,0.7396,0.9267,0.7981,0.7932,0.9859,0.0083,triangle
male,0.7386,0.9314,0.7930,0.7986,0.9732,0.0058,triangle
male,0.7447,0.9314,0.7996,0.8030,0.9723,0.0135,triangle
male,0.7397,0.9326,0.7932,0.8062,0.9935,0.0247,triangle
male,0.7412,0.9292,0.7977,0.8063,0.9640,0.0078,triangle
male,0.7407,0.9318,0.7949,0.8137,0.9791,0.0052,triangle
male,0.7406,0.9307,0.7957,0.8022,0.9722,0.0223,triangle
male,0.7386,0.9336,0.7911,0.8105,0.9806,0.0065,triangle
male,0.7418,0.9322,0.7957,0.8102,0.9923,0.0250,triangle
male,0.7389,0.9302,0.7943,0.8123,0.9886,0.0016,triangle
male,0.7404,0.9339,0.7928,0.8130,0.9776,0.0028,triangle
male,0.7409,0.9344,0.7929,0.8105,0.9788,0.0022,triangle
male,0.7424,0.9323,0.7963,0.8045,0.9840,0.0102,triangle
male,0.7387,0.9315,0.7931,0.8133,0.9526,0.0214,triangle
male,0.7422,0.9307,0.7975,0.8081,0.9506,0.0144,triangle
male,0.7414,0.9327,0.7949,0.8127,0.9900,0.0119,triangle
male,0.7388,0.9321,0.7927,0.8030,0.9540,0.0038,triangle
male,0.7409,0.9324,0.7946,0.8036,0.9990,0.0089,triangle
male,0.7411,0.9308,0.7962,0.8048,0.9990,0.0066,triangle
male,0.7391,0.9317,0.7933,0.8080,0.9871,0.0014,triangle
male,0.7386,0.9330,0.7916,0.8017,0.9999,0.0139,triangle
male,0.7402,0.9300,0.7959,0.8101,0.9757,0.0055,triangle
male,0.7423,0.9304,0.7978,0.8055,0.9556,0.0032,triangle
male,0.7403,0.9304,0.7957,0.7998,0.9648,0.0083,triangle
male,0.7397,0.9361,0.7902,0.7953,0.9839,0.0046,triangle
male,0.7364,0.9328,0.7894,0.8031,0.9622,0.0113,triangle
male,0.7385,0.9338,0.7908,0.8010,0.9842,0.0010,triangle
male,0.7354,0.9327,0.7884,0.8019,0.9809,0.0024,triangle
male,0.7384,0.9322,0.7921,0.8030,0.9686,0.0002,triangle
male,0.7430,0.9304,0.7986,0.8065,0.9679,0.0089,triangle
male,0.7423,0.9288,0.7992,0.8029,0.9978,0.0028,triangle
male,0.7417,0.9316,0.7962,0.8054,0.9906,0.0023,triangle
male,0.7406,0.9337,0.7932,0.8007,0.9575,0.0105,triangle
male,0.7375,0.9306,0.7925,0.8146,0.9980,0.0054,triangle
male,0.7416,0.9262,0.8007,0.7995,0.9667,0.0019,triangle
male,0.7402,0.9320,0.7943,0.8109,0.9600,0.0063,triangle
male,0.7402,0.9342,0.7924,0.8055,0.9559,0.0020,triangle
male,0.7405,0.9305,0.7958,0.8044,0.9769,0.0090,triangle
male,0.7403,0.9298,0.7962,0.7999,0.9774,0.0019,triangle
male,0.7417,0.9329,0.7951,0.8161,0.9947,0.0043,triangle
male,0.7415,0.9312,0.7963,0.8085,0.9780,0.0006,triangle
male,0.7448,0.9325,0.7987,0.8082,0.9632,0.0048,triangle
male,0.7382,0.9337,0.7906,0.7963,0.9992,0.0046,triangle
male,0.7378,0.9296,0.7936,0.8025,0.9764,0.0049,triangle
male,0.7434,0.9302,0.7992,0.8038,0.9673,0.0108,triangle
male,0.7418,0.9308,0.7970,0.8084,0.9561,0.0108,triangle
male,0.7395,0.9347,0.7912,0.8053,0.9675,0.0023,triangle
male,0.7377,0.9312,0.7922,0.8031,0.9943,0.0035,triangle
male,0.7391,0.9313,0.7936,0.8141,0.9549,0.0134,triangle
male,0.7382,0.9317,0.7923,0.8164,0.9600,0.0140,triangle
male,0.7393,0.9286,0.7961,0.8075,0.9933,0.0140,triangle
male,0.7402,0.9301,0.7958,0.8020,0.9706,0.0078,triangle
male,0.7393,0.9298,0.7951,0.8098,0.9655,0.0065,triangle
male,0.7362,0.9315,0.7903,0.8104,0.9750,0.0317,triangle
male,0.7431,0.9324,0.7969,0.7984,0.9960,0.0193,triangle
male,0.7408,0.9293,0.7972,0.8102,0.9508,0.0058,triangle
male,0.7412,0.9330,0.7944,0.8080,0.9629,0.0029,triangle
male,0.7400,0.9335,0.7927,0.8067,0.9848,0.0001,triangle
male,0.7389,0.9346,0.7907,0.8067,0.9867,0.0014,triangle
male,0.7407,0.9299,0.7965,0.8105,0.9565,0.0058,triangle
male,0.7428,0.9305,0.7983,0.8149,0.9802,0.0107,triangle
male,0.7396,0.9304,0.7949,0.8117,0.9877,0.0024,triangle
male,0.7387,0.9268,0.7970,0.8096,0.9800,0.0126,triangle
male,0.7376,0.9310,0.7922,0.8020,0.9989,0.0169,triangle
male,0.7407,0.9328,0.7941,0.8046,0.9678,0.0060,triangle
male,0.7390,0.9307,0.7940,0.7995,0.9773,0.0144,triangle
male,0.7397,0.9297,0.7956,0.8170,0.9597,0.0009,triangle
male,0.7370,0.9327,0.7902,0.8135,0.9696,0.0012,triangle
male,0.7382,0.9315,0.7925,0.8084,0.9591,0.0119,triangle
male,0.7393,0.9303,0.7947,0.8039,0.9918,0.0080,triangle
male,0.7416,0.9302,0.7973,0.8021,0.9786,0.0087,triangle
male,0.7423,0.9321,0.7963,0.8111,0.9582,0.0092,triangle
male,0.7386,0.9307,0.7935,0.8112,0.9573,0.0135,triangle
male,0.7393,0.9319,0.7934,0.8014,0.9545,0.0027,triangle
male,0.7375,0.9333,0.7902,0.8040,0.9907,0.0086,triangle
male,0.7375,0.9295,0.7934,0.8056,0.9958,0.0051,triangle
male,0.7417,0.9324,0.7954,0.8034,0.9878,0.0038,triangle
male,0.7402,0.9300,0.7959,0.8000,0.9642,0.0088,triangle
male,0.7389,0.9345,0.7907,0.8016,0.9907,0.0055,triangle
male,0.7382,0.9340,0.7904,0.8154,0.9662,0.0002,triangle
male,0.7415,0.9277,0.7993,0.8131,0.9530,0.0126,triangle
male,0.7432,0.9325,0.7969,0.7989,0.9637,0.0137,triangle
male,0.7387,0.9324,0.7923,0.8091,0.9984,0.0038,triangle
male,0.7403,0.9304,0.7957,0.8120,0.9587,0.0163,triangle
male,0.7421,0.9288,0.7989,0.8090,0.9607,0.0055,triangle
male,0.7396,0.9312,0.7943,0.8100,0.9741,0.0130,triangle
male,0.7435,0.9312,0.7985,0.8061,0.9937,0.0041,triangle
male,0.7375,0.9311,0.7921,0.8091,0.9634,0.0117,triangle
male,0.7405,0.9335,0.7933,0.8092,0.9534,0.0242,triangle
male,0.7421,0.9302,0.7978,0.7999,0.9714,0.0037,triangle
male,0.7397,0.9326,0.7932,0.8041,0.9964,0.0065,triangle
male,0.7423,0.9303,0.7978,0.8138,0.9729,0.0159,triangle
male,0.7380,0.9339,0.7903,0.7976,0.9951,0.0156,triangle
male,0.7372,0.9326,0.7906,0.8104,0.9795,0.0132,triangle
male,0.7368,0.9290,0.7931,0.8155,0.9819,0.0132,triangle
male,0.7409,0.9298,0.7968,0.8140,0.9813,0.0057,triangle
male,0.7428,0.9305,0.7983,0.8064,0.9523,0.0134,triangle
male,0.7375,0.9333,0.7902,0.8022,0.9661,0.0130,triangle
male,0.7402,0.9327,0.7936,0.7997,0.9524,0.0022,triangle
male,0.7417,0.9312,0.7965,0.7981,0.9567,0.0049,triangle
male,0.7392,0.9314,0.7936,0.8037,0.9559,0.0100,triangle
male,0.7406,0.9279,0.7981,0.8050,0.9525,0.0076,triangle
male,0.7408,0.9317,0.7951,0.8072,0.9788,0.0064,triangle
male,0.7394,0.9312,0.7940,0.8005,0.9778,0.0120,triangle
male,0.7409,0.9330,0.7942,0.7989,0.9660,0.0083,triangle
male,0.7389,0.9313,0.7933,0.8109,0.9519,0.0129,triangle
male,0.7412,0.9304,0.7966,0.8062,0.9509,0.0029,triangle
male,0.7413,0.9346,0.7932,0.8080,0.9550,0.0160,triangle
male,0.7398,0.9338,0.7923,0.8163,0.9699,0.0102,triangle
male,0.7343,0.9333,0.7868,0.8014,0.9883,0.0059,triangle
male,0.7397,0.9317,0.7939,0.8064,0.9803,0.0087,triangle
male,0.7412,0.9318,0.7955,0.8087,0.9663,0.0050,triangle
male,0.7390,0.9332,0.7919,0.8020,0.9682,0.0056,triangle
male,0.7390,0.9274,0.7969,0.8108,0.9959,0.0071,triangle
male,0.7380,0.9352,0.7892,0.8028,0.9826,0.0033,triangle
male,0.7417,0.9327,0.7953,0.8124,0.9875,0.0139,triangle
male,0.7430,0.9318,0.7974,0.8014,0.9948,0.0059,triangle
male,0.7409,0.9336,0.7937,0.8036,0.9522,0.0272,triangle
male,0.7399,0.9323,0.7936,0.8044,0.9730,0.0000,triangle
male,0.7405,0.9305,0.7958,0.8102,0.9595,0.0033,triangle
male,0.7369,0.9323,0.7905,0.8048,0.9972,0.0033,triangle
male,0.7417,0.9301,0.7974,0.8099,0.9899,0.0015,triangle
male,0.7396,0.9332,0.7925,0.8097,0.9771,0.0075,triangle
male,0.7367,0.9316,0.7908,0.8083,0.9713,0.0165,triangle
male,0.7386,0.9324,0.7921,0.8079,0.9923,0.0040,triangle
male,0.7410,0.9305,0.7964,0.8058,0.9890,0.0143,triangle
male,0.7389,0.9307,0.7939,0.8070,0.9614,0.0100,triangle
male,0.7425,0.9341,0.7949,0.8033,0.9844,0.0209,triangle
male,0.7408,0.9325,0.7943,0.8115,0.9574,0.0066,triangle
male,0.7393,0.9310,0.7941,0.8113,0.9749,0.0025,triangle
male,0.7429,0.9288,0.7999,0.8049,0.9721,0.0037,triangle
male,0.7410,0.9333,0.7939,0.8016,0.9990,0.0145,triangle
male,0.7380,0.9317,0.7921,0.8020,0.9655,0.0101,triangle
male,0.7373,0.9312,0.7918,0.8089,0.9814,0.0073,triangle
male,0.7409,0.9341,0.7932,0.8020,0.9637,0.0015,triangle
male,0.7399,0.9286,0.7968,0.8105,0.9526,0.0067,triangle
male,0.7400,0.9294,0.7962,0.8078,0.9634,0.0197,triangle
male,0.7362,0.9302,0.7914,0.8084,0.9968,0.0021,triangle
male,0.7383,0.9334,0.7909,0.8088,0.9964,0.0007,triangle
male,0.7418,0.9318,0.7961,0.8073,0.9662,0.0006,triangle
male,0.7405,0.9317,0.7949,0.8100,0.9715,0.0131,triangle
male,0.7386,0.9340,0.7908,0.8086,0.9742,0.0224,triangle
male,0.7375,0.9298,0.7931,0.8069,0.9993,0.0034,triangle
male,0.7435,0.9294,0.8000,0.8051,0.9989,0.0017,triangle
male,0.7367,0.9369,0.7863,0.8047,0.9730,0.0001,triangle
male,0.7375,0.9326,0.7909,0.8119,0.9832,0.0063,triangle
male,0.7388,0.9325,0.7923,0.8086,0.9917,0.0181,triangle
male,0.7399,0.9328,0.7932,0.8099,0.9688,0.0128,triangle
male,0.7415,0.9318,0.7958,0.8160,0.9777,0.0111,triangle
male,0.7416,0.9313,0.7963,0.8087,0.9683,0.0086,triangle
male,0.7373,0.9315,0.7915,0.8068,0.9519,0.0025,triangle
male,0.7401,0.9307,0.7952,0.8120,0.9520,0.0052,triangle
male,0.7378,0.9306,0.7928,0.7996,0.9863,0.0056,triangle
male,0.7414,0.9299,0.7973,0.8030,0.9595,0.0073,triangle
male,0.7376,0.9280,0.7948,0.8096,0.9564,0.0065,triangle
male,0.7392,0.9339,0.7915,0.8000,0.9858,0.0040,triangle
male,0.7406,0.9314,0.7952,0.8012,0.9521,0.0171,triangle
male,0.7415,0.9332,0.7946,0.8133,0.9861,0.0128,triangle
male,0.7389,0.9333,0.7917,0.8080,0.9996,0.0110,triangle
male,0.7410,0.9320,0.7951,0.8118,0.9543,0.0181,triangle
male,0.7397,0.9313,0.7942,0.8066,0.9593,0.0161,triangle
male,0.7418,0.9312,0.7965,0.8076,0.9851,0.0303,triangle
male,0.7385,0.9327,0.7918,0.8042,0.9793,0.0119,triangle
male,0.7398,0.9304,0.7951,0.8121,0.9729,0.0087,triangle
male,0.7392,0.9305,0.7944,0.8083,0.9855,0.0115,triangle
male,0.7398,0.9334,0.7925,0.8143,0.9899,0.0083,triangle
male,0.7407,0.9316,0.7950,0.8151,0.9710,0.0024,triangle
male,0.7406,0.9330,0.7938,0.8088,0.9688,0.0133,triangle
male,0.7406,0.9296,0.7967,0.8043,0.9824,0.0156,triangle
male,0.7417,0.9316,0.7961,0.7910,0.9805,0.0025,triangle
male,0.7416,0.9300,0.7974,0.8103,0.9871,0.0089,triangle
male,0.7396,0.9341,0.7918,0.8096,0.9973,0.0062,triangle
male,0.7417,0.9284,0.7990,0.8009,0.9722,0.0119,triangle
male,0.7415,0.9364,0.7918,0.8092,0.9908,0.0069,triangle
male,0.7348,0.9327,0.7878,0.8040,0.9790,0.0027,triangle
male,0.7398,0.9329,0.7931,0.8062,0.9704,0.0072,triangle
male,0.7403,0.9301,0.7960,0.8106,0.9770,0.0017,triangle
male,0.7391,0.9280,0.7965,0.8042,0.9612,0.0032,triangle
male,0.7433,0.9315,0.7979,0.7973,0.9607,0.0019,triangle
male,0.7387,0.9321,0.7925,0.8035,0.9831,0.0010,triangle
male,0.7396,0.9322,0.7934,0.8020,0.9744,0.0020,triangle
male,0.7407,0.9320,0.7948,0.8154,0.9536,0.0044,triangle
male,0.7386,0.9299,0.7943,0.8006,0.9723,0.0017,triangle
male,0.7391,0.9308,0.7941,0.8087,0.9855,0.0063,triangle
male,0.7419,0.9314,0.7965,0.8058,0.9590,0.0167,triangle
male,0.7412,0.9317,0.7956,0.7983,0.9881,0.0114,triangle
male,0.7402,0.9270,0.7985,0.8033,0.9706,0.0051,triangle
male,0.7351,0.9328,0.7881,0.8053,0.9742,0.0083,triangle
male,0.7382,0.9299,0.7939,0.8145,0.9799,0.0117,triangle
male,0.7406,0.9287,0.7975,0.8119,0.9602,0.0033,triangle
male,0.7385,0.9323,0.7921,0.8055,0.9913,0.0210,triangle
male,0.7408,0.9310,0.7957,0.8033,0.9831,0.0008,triangle
male,0.7408,0.9329,0.7940,0.8041,0.9503,0.0010,triangle
male,0.7385,0.9317,0.7927,0.8087,0.9530,0.0107,triangle
male,0.7399,0.9300,0.7956,0.8104,0.9714,0.0036,triangle
male,0.7396,0.9323,0.7933,0.8071,0.9802,0.0049,triangle
male,0.7363,0.9322,0.7898,0.8115,0.9571,0.0034,triangle
male,0.7388,0.9342,0.7908,0.8146,0.9927,0.0107,triangle
male,0.7390,0.9335,0.7917,0.8120,0.9569,0.0054,triangle
male,0.7395,0.9334,0.7922,0.7981,0.9617,0.0066,triangle
male,0.7409,0.9313,0.7955,0.8165,0.9748,0.0060,triangle
male,0.7381,0.9301,0.7936,0.8148,0.9856,0.0064,triangle
male,0.7384,0.9327,0.7916,0.8176,0.9652,0.0012,triangle
male,0.7389,0.9322,0.7927,0.8143,0.9863,0.0033,triangle
male,0.7440,0.9262,0.8032,0.8096,0.9988,0.0103,triangle
male,0.7408,0.9279,0.7983,0.8101,0.9595,0.0169,triangle
male,0.7416,0.9289,0.7984,0.8058,0.9576,0.0173,triangle
male,0.7433,0.9339,0.7959,0.8037,0.9982,0.0025,triangle
male,0.7393,0.9283,0.7965,0.8066,0.9769,0.0011,triangle
male,0.7379,0.9333,0.7907,0.8069,0.9636,0.0021,triangle
male,0.7413,0.9331,0.7944,0.8107,0.9790,0.0133,triangle
male,0.7459,0.9327,0.7998,0.8125,0.9513,0.0115,triangle
male,0.7384,0.9307,0.7934,0.7952,0.9654,0.0070,triangle
male,0.7403,0.9325,0.7938,0.8048,0.9768,0.0027,triangle
male,0.7410,0.9338,0.7935,0.8036,0.9693,0.0003,triangle
male,0.7369,0.9300,0.7924,0.8059,0.9702,0.0015,triangle
male,0.7398,0.9339,0.7921,0.8137,0.9797,0.0072,triangle
male,0.7404,0.9323,0.7941,0.8029,0.9532,0.0137,triangle
male,0.7396,0.9329,0.7928,0.8092,0.9688,0.0029,triangle
male,0.7400,0.9290,0.7965,0.8085,0.9505,0.0037,triangle
male,0.7392,0.9314,0.7937,0.7998,0.9756,0.0029,triangle
male,0.7425,0.9308,0.7977,0.8036,0.9638,0.0034,triangle
male,0.7410,0.9352,0.7924,0.7979,0.9968,0.0034,triangle
male,0.7383,0.9314,0.7927,0.8103,0.9647,0.0009,triangle
male,0.7413,0.9328,0.7947,0.8126,0.9738,0.0016,triangle
male,0.7396,0.9314,0.7941,0.8146,0.9516,0.0020,triangle
male,0.7388,0.9295,0.7948,0.8068,0.9722,0.0120,triangle
male,0.7394,0.9311,0.7942,0.8179,0.9524,0.0122,triangle
male,0.7414,0.9276,0.7992,0.8102,0.9589,0.0033,triangle
male,0.7417,0.9323,0.7955,0.8128,0.9925,0.0086,triangle
male,0.7364,0.9345,0.7880,0.8120,0.9679,0.0040,triangle
male,0.7381,0.9307,0.7931,0.8088,0.9602,0.0005,triangle
male,0.7365,0.9302,0.7918,0.8011,0.9624,0.0013,triangle
male,0.7417,0.9324,0.7955,0.8152,0.9851,0.0017,triangle
male,0.7432,0.9322,0.7972,0.8013,0.9539,0.0174,triangle
male,0.7423,0.9347,0.7942,0.8066,0.9726,0.0099,triangle
male,0.7378,0.9311,0.7924,0.8080,0.9769,0.0002,triangle
male,0.7386,0.9298,0.7944,0.8146,0.9998,0.0154,triangle
male,0.7391,0.9318,0.7932,0.8147,0.9966,0.0111,triangle
male,0.7363,0.9344,0.7880,0.7995,0.9526,0.0106,triangle
male,0.7399,0.9318,0.7940,0.8049,0.9771,0.0098,triangle
male,0.7382,0.9279,0.7956,0.8084,0.9942,0.0025,triangle
male,0.7403,0.9354,0.7914,0.8050,0.9997,0.0058,triangle
male,0.7369,0.9306,0.7919,0.8086,0.9607,0.0064,triangle
male,0.7390,0.9298,0.7948,0.8102,0.9644,0.0024,triangle
male,0.7392,0.9346,0.7909,0.8053,0.9682,0.0086,triangle
male,0.7382,0.9272,0.7962,0.8079,0.9908,0.0115,triangle
male,0.7413,0.9315,0.7958,0.8054,0.9754,0.0039,triangle
male,0.7388,0.9328,0.7920,0.8004,0.9657,0.0122,triangle
male,0.7401,0.9323,0.7939,0.8042,0.9548,0.0072,triangle
male,0.7395,0.9317,0.7937,0.8165,0.9549,0.0020,triangle
male,0.7412,0.9291,0.7978,0.8064,0.9642,0.0027,triangle
male,0.7393,0.9315,0.7937,0.8059,0.9782,0.0183,triangle
male,0.7419,0.9324,0.7957,0.8031,0.9903,0.0002,triangle
male,0.7386,0.9296,0.7945,0.7992,0.9758,0.0065,triangle
male,0.7384,0.9309,0.7933,0.8124,0.9774,0.0184,triangle
male,0.7372,0.9324,0.7906,0.8040,0.9959,0.0131,triangle
male,0.7392,0.9320,0.7931,0.8116,0.9588,0.0007,triangle
male,0.7377,0.9316,0.7919,0.8075,0.9823,0.0147,triangle
male,0.7376,0.9341,0.7895,0.8017,0.9766,0.0019,triangle
male,0.7418,0.9306,0.7971,0.8084,0.9825,0.0110,triangle
male,0.7390,0.9337,0.7914,0.8103,0.9970,0.0126,triangle
male,0.7388,0.9318,0.7929,0.8054,0.9557,0.0027,triangle
male,0.7387,0.9329,0.7918,0.8053,0.9521,0.0018,triangle
male,0.7386,0.9297,0.7945,0.8099,0.9727,0.0038,triangle
male,0.7382,0.9339,0.7905,0.8118,0.9673,0.0134,triangle
male,0.7436,0.9318,0.7980,0.8093,0.9720,0.0031,triangle
male,0.7414,0.9305,0.7968,0.8149,0.9604,0.0016,triangle
male,0.7395,0.9321,0.7934,0.8082,0.9894,0.0030,triangle
male,0.7419,0.9273,0.8001,0.8047,0.9842,0.0014,triangle
male,0.7430,0.9317,0.7974,0.8018,0.9985,0.0045,triangle
male,0.7390,0.9311,0.7937,0.7999,0.9749,0.0029,triangle
male,0.7365,0.9352,0.7875,0.8060,0.9712,0.0139,triangle
male,0.7405,0.9306,0.7957,0.8016,0.9719,0.0093,triangle
male,0.7382,0.9314,0.7926,0.8076,0.9707,0.0053,triangle
male,0.7410,0.9350,0.7926,0.8006,0.9964,0.0094,triangle
male,0.7393,0.9326,0.7927,0.8069,0.9550,0.0135,triangle
male,0.7375,0.9345,0.7892,0.8135,0.9977,0.0183,triangle
male,0.7375,0.9310,0.7922,0.8026,0.9722,0.0038,triangle
male,0.7393,0.9321,0.7931,0.8039,0.9708,0.0155,triangle
male,0.7407,0.9323,0.7944,0.8075,0.9614,0.0122,triangle
male,0.7407,0.9306,0.7959,0.8107,0.9659,0.0044,triangle
male,0.7397,0.9330,0.7928,0.8085,0.9958,0.0078,triangle
male,0.7368,0.9299,0.7924,0.8015,0.9985,0.0115,triangle
male,0.7407,0.9311,0.7955,0.8138,0.9686,0.0177,triangle
male,0.7388,0.9300,0.7945,0.8058,0.9588,0.0119,triangle
male,0.7407,0.9323,0.7944,0.8059,0.9825,0.0025,triangle
male,0.7385,0.9308,0.7934,0.8015,0.9587,0.0038,triangle
male,0.7405,0.9321,0.7944,0.8058,0.9916,0.0061,triangle
male,0.7394,0.9323,0.7931,0.8164,0.9803,0.0036,triangle
male,0.7412,0.9328,0.7947,0.8159,0.9872,0.0018,triangle
male,0.7409,0.9318,0.7951,0.8004,0.9689,0.0014,triangle
male,0.7377,0.9322,0.7913,0.7961,0.9878,0.0006,triangle
male,0.7381,0.9292,0.7943,0.8169,0.9905,0.0065,triangle
male,0.7410,0.9297,0.7970,0.8129,0.9990,0.0111,triangle
male,0.7416,0.9290,0.7983,0.7981,0.9593,0.0034,triangle
male,0.7412,0.9318,0.7954,0.8174,0.9944,0.0032,triangle
male,0.7385,0.9331,0.7914,0.8165,0.9561,0.0155,triangle
male,0.7413,0.9324,0.7950,0.8047,0.9970,0.0027,triangle
male,0.7405,0.9307,0.7956,0.8129,0.9841,0.0171,triangle
male,0.7362,0.9315,0.7903,0.8049,0.9826,0.0185,triangle
male,0.7416,0.9305,0.7969,0.8072,0.9648,0.0087,triangle
male,0.7371,0.9266,0.7955,0.8131,0.9739,0.0160,triangle
male,0.7402,0.9293,0.7965,0.8055,0.9611,0.0033,triangle
male,0.7396,0.9329,0.7928,0.8086,0.9820,0.0052,triangle
male,0.7388,0.9288,0.7954,0.8029,0.9974,0.0071,triangle
male,0.7389,0.9368,0.7887,0.8022,0.9916,0.0102,triangle
male,0.7388,0.9322,0.7926,0.8080,0.9871,0.0018,triangle
male,0.7415,0.9297,0.7976,0.8087,0.9751,0.0094,triangle
male,0.7389,0.9290,0.7954,0.8156,0.9617,0.0004,triangle
male,0.7364,0.9314,0.7906,0.7998,0.9909,0.0023,triangle
male,0.7390,0.9306,0.7941,0.8035,0.9790,0.0068,triangle
male,0.7398,0.9307,0.7948,0.8108,0.9655,0.0043,triangle
male,0.7387,0.9259,0.7978,0.8155,0.9830,0.0072,triangle
male,0.7439,0.9336,0.7968,0.8087,0.9552,0.0013,triangle
male,0.7410,0.9311,0.7958,0.8149,0.9862,0.0196,triangle
male,0.7366,0.9306,0.7916,0.8057,0.9974,0.0008,triangle
male,0.7395,0.9289,0.7961,0.8109,0.9709,0.0068,triangle
male,0.7373,0.9349,0.7886,0.8084,0.9571,0.0065,triangle
male,0.7399,0.9329,0.7931,0.8123,0.9810,0.0206,triangle
male,0.7391,0.9333,0.7919,0.8140,0.9716,0.0011,triangle
male,0.7411,0.9314,0.7957,0.8046,0.9798,0.0221,triangle
male,0.7399,0.9305,0.7951,0.8066,0.9802,0.0091,triangle
male,0.7374,0.9301,0.7929,0.8150,0.9565,0.0143,triangle
male,0.7416,0.9330,0.7948,0.8126,0.9850,0.0080,triangle
male,0.7399,0.9299,0.7957,0.8048,0.9894,0.0001,triangle
male,0.7389,0.9346,0.7906,0.8074,0.9656,0.0056,triangle
male,0.7359,0.9314,0.7901,0.8144,0.9990,0.0024,triangle
male,0.7354,0.9301,0.7907,0.8065,0.9978,0.0067,triangle
male,0.7405,0.9330,0.7936,0.8094,0.9534,0.0114,triangle
male,0.7383,0.9284,0.7953,0.8108,0.9819,0.0067,triangle
male,0.7407,0.9284,0.7978,0.8024,0.9907,0.0037,triangle
male,0.7396,0.9309,0.7945,0.8131,0.9672,0.0126,triangle
male,0.7392,0.9292,0.7955,0.8043,0.9724,0.0006,triangle
male,0.7398,0.9293,0.7962,0.8098,0.9594,0.0019,triangle
male,0.7400,0.9299,0.7958,0.8065,0.9936,0.0145,triangle
male,0.7420,0.9334,0.7949,0.8044,0.9973,0.0067,triangle
male,0.7400,0.9318,0.7942,0.8008,0.9997,0.0107,triangle
male,0.7382,0.9310,0.7930,0.8153,0.9811,0.0041,triangle
male,0.7431,0.9312,0.7980,0.7982,0.9873,0.0021,triangle
male,0.9127,1.1220,0.8134,1.1932,0.9816,0.0248,oval
male,0.9154,1.1195,0.8177,1.1913,0.9614,0.0034,oval
male,0.9114,1.1209,0.8131,1.1944,0.9829,0.0009,oval
male,0.9136,1.1190,0.8164,1.1883,0.9824,0.0165,oval
male,0.9146,1.1217,0.8154,1.1938,0.9903,0.0030,oval
male,0.9123,1.1194,0.8150,1.1933,0.9620,0.0089,oval
male,0.9130,1.1193,0.8157,1.1914,0.9767,0.0130,oval
male,0.9132,1.1196,0.8156,1.1930,0.9547,0.0065,oval
male,0.9137,1.1202,0.8156,1.2075,0.9642,0.0079,oval
male,0.9094,1.1220,0.8105,1.1838,0.9539,0.0152,oval
male,0.9122,1.1207,0.8139,1.1949,0.9939,0.0049,oval
male,0.9114,1.1183,0.8150,1.1922,0.9836,0.0049,oval
male,0.9149,1.1193,0.8174,1.1931,0.9938,0.0067,oval
male,0.9159,1.1200,0.8177,1.1907,0.9601,0.0145,oval
male,0.9125,1.1200,0.8147,1.1951,0.9586,0.0119,oval
male,0.9148,1.1216,0.8156,1.1936,0.9623,0.0204,oval
male,0.9170,1.1179,0.8202,1.1943,0.9762,0.0067,oval
male,0.9149,1.1187,0.8179,1.1914,0.9819,0.0193,oval
male,0.9138,1.1171,0.8180,1.1886,0.9551,0.0001,oval
male,0.9143,1.1174,0.8182,1.1953,0.9745,0.0088,oval
male,0.9118,1.1196,0.8144,1.1939,0.9691,0.0060,oval
male,0.9133,1.1155,0.8187,1.2044,0.9757,0.0112,oval
male,0.9115,1.1185,0.8150,1.1940,0.9630,0.0042,oval
male,0.9099,1.1195,0.8128,1.1913,0.9827,0.0154,oval
male,0.9140,1.1198,0.8161,1.1887,0.9537,0.0022,oval
male,0.9142,1.1196,0.8165,1.1924,0.9935,0.0052,oval
male,0.9140,1.1177,0.8177,1.1968,0.9699,0.0133,oval
male,0.9161,1.1189,0.8188,1.1932,0.9788,0.0122,oval
male,0.9124,1.1211,0.8138,1.2019,0.9794,0.0151,oval
male,0.9101,1.1214,0.8116,1.1936,0.9661,0.0061,oval
male,0.9135,1.1219,0.8142,1.1854,0.9787,0.0058,oval
male,0.9133,1.1205,0.8151,1.1941,0.9564,0.0066,oval
male,0.9152,1.1218,0.8158,1.1856,0.9555,0.0007,oval
male,0.9112,1.1198,0.8137,1.1856,0.9789,0.0028,oval
male,0.9149,1.1200,0.8169,1.1978,0.9944,0.0035,oval
male,0.9109,1.1143,0.8175,1.1981,0.9959,0.0007,oval
male,0.9113,1.1221,0.8121,1.1885,0.9599,0.0021,oval
male,0.9146,1.1205,0.8163,1.2008,0.9741,0.0080,oval
male,0.9133,1.1217,0.8142,1.1907,0.9837,0.0016,oval
male,0.9152,1.1202,0.8170,1.1844,0.9663,0.0101,oval
male,0.9141,1.1205,0.8158,1.1953,0.9877,0.0011,oval
male,0.9122,1.1154,0.8178,1.2057,0.9881,0.0106,oval
male,0.9153,1.1170,0.8194,1.1923,0.9881,0.0009,oval
male,0.9138,1.1204,0.8156,1.1989,0.9850,0.0106,oval
male,0.9129,1.1195,0.8154,1.2019,0.9999,0.0005,oval
male,0.9116,1.1206,0.8135,1.1943,0.9915,0.0128,oval
male,0.9095,1.1200,0.8121,1.1925,0.9736,0.0166,oval
male,0.9163,1.1184,0.8193,1.1895,0.9506,0.0016,oval
male,0.9123,1.1171,0.8167,1.2015,0.9865,0.0094,oval
male,0.9113,1.1186,0.8147,1.1910,0.9732,0.0071,oval
male,0.9142,1.1185,0.8173,1.1848,0.9515,0.0050,oval
male,0.9118,1.1210,0.8134,1.1884,0.9681,0.0048,oval
male,0.9169,1.1208,0.8181,1.1889,0.9613,0.0093,oval
male,0.9140,1.1184,0.8173,1.1931,0.9587,0.0048,oval
male,0.9139,1.1228,0.8139,1.1999,0.9909,0.0050,oval
male,0.9141,1.1217,0.8149,1.1951,0.9643,0.0018,oval
male,0.9145,1.1202,0.8164,1.1911,0.9857,0.0124,oval
male,0.9148,1.1196,0.8171,1.1934,0.9661,0.0156,oval
male,0.9114,1.1199,0.8139,1.1839,0.9973,0.0034,oval
male,0.9137,1.1168,0.8181,1.1910,0.9962,0.0068,oval
male,0.9135,1.1210,0.8149,1.1934,0.9657,0.0042,oval
male,0.9141,1.1205,0.8158,1.1948,0.9608,0.0152,oval
male,0.9112,1.1201,0.8135,1.1936,0.9798,0.0124,oval
male,0.9136,1.1160,0.8186,1.1970,0.9572,0.0011,oval
male,0.9125,1.1207,0.8143,1.1858,0.9789,0.0041,oval
male,0.9183,1.1238,0.8171,1.1972,0.9983,0.0201,oval
male,0.9158,1.1234,0.8152,1.1855,0.9844,0.0020,oval
male,0.9122,1.1206,0.8141,1.1920,0.9849,0.0077,oval
male,0.9162,1.1193,0.8186,1.1989,0.9804,0.0035,oval
male,0.9127,1.1219,0.8136,1.1972,0.9538,0.0038,oval
male,0.9157,1.1232,0.8153,1.1917,0.9776,0.0187,oval
male,0.9147,1.1175,0.8185,1.1997,0.9679,0.0071,oval
male,0.9110,1.1206,0.8129,1.1921,0.9899,0.0125,oval
male,0.9119,1.1192,0.8148,1.1976,0.9586,0.0001,oval
male,0.9134,1.1205,0.8152,1.1927,0.9579,0.0054,oval
male,0.9171,1.1213,0.8178,1.1828,0.9991,0.0050,oval
male,0.9135,1.1207,0.8151,1.1889,0.9721,0.0020,oval
male,0.9127,1.1170,0.8171,1.1945,0.9531,0.0131,oval
male,0.9155,1.1210,0.8167,1.2014,0.9608,0.0045,oval
male,0.9133,1.1211,0.8146,1.2036,0.9996,0.0113,oval
male,0.9165,1.1179,0.8199,1.1953,0.9970,0.0063,oval
male,0.9136,1.1196,0.8160,1.1971,0.9547,0.0137,oval
male,0.9144,1.1208,0.8158,1.1945,0.9702,0.0044,oval
male,0.9149,1.1216,0.8157,1.1965,0.9730,0.0168,oval
male,0.9134,1.1229,0.8135,1.1992,0.9511,0.0044,oval
male,0.9109,1.1180,0.8147,1.1992,0.9725,0.0084,oval
male,0.9174,1.1198,0.8193,1.1913,0.9926,0.0108,oval
male,0.9117,1.1173,0.8160,1.1921,0.9957,0.0071,oval
male,0.9119,1.1174,0.8161,1.1914,0.9811,0.0089,oval
male,0.9119,1.1190,0.8150,1.1905,0.9885,0.0096,oval
male,0.9125,1.1220,0.8133,1.1950,0.9804,0.0057,oval
male,0.9088,1.1194,0.8119,1.1929,0.9757,0.0174,oval
male,0.9111,1.1188,0.8144,1.1973,0.9567,0.0057,oval
male,0.9124,1.1234,0.8122,1.1918,0.9812,0.0189,oval
male,0.9130,1.1175,0.8170,1.1961,0.9535,0.0134,oval
male,0.9138,1.1221,0.8144,1.1907,0.9630,0.0090,oval
male,0.9146,1.1207,0.8161,1.1928,0.9588,0.0004,oval
male,0.9183,1.1221,0.8184,1.1926,0.9587,0.0082,oval
male,0.9116,1.1229,0.8118,1.1970,0.9804,0.0086,oval
male,0.9112,1.1207,0.8130,1.1899,0.9759,0.0238,oval
male,0.9122,1.1193,0.8149,1.1950,0.9915,0.0011,oval
male,0.9135,1.1217,0.8143,1.1892,0.9666,0.0045,oval
male,0.9118,1.1205,0.8137,1.1968,0.9700,0.0037,oval
male,0.9152,1.1213,0.8162,1.2027,0.9607,0.0110,oval
male,0.9131,1.1185,0.8164,1.1880,0.9981,0.0012,oval
male,0.9142,1.1214,0.8152,1.1942,0.9936,0.0006,oval
male,0.9141,1.1191,0.8168,1.1945,0.9858,0.0121,oval
male,0.9141,1.1216,0.8150,1.1934,0.9892,0.0029,oval
male,0.9123,1.1215,0.8135,1.1833,0.9710,0.0017,oval
male,0.9167,1.1240,0.8156,1.1926,0.9754,0.0066,oval
male,0.9109,1.1188,0.8141,1.1820,0.9743,0.0084,oval
male,0.9163,1.1242,0.8151,1.2060,0.9627,0.0022,oval
male,0.9125,1.1219,0.8134,1.1985,0.9548,0.0002,oval
male,0.9150,1.1192,0.8176,1.2001,0.9802,0.0264,oval
male,0.9132,1.1195,0.8157,1.1961,0.9999,0.0037,oval
male,0.9135,1.1216,0.8145,1.1993,0.9981,0.0032,oval
male,0.9143,1.1237,0.8137,1.1848,0.9608,0.0068,oval
male,0.9126,1.1198,0.8149,1.1860,0.9662,0.0043,oval
male,0.9101,1.1198,0.8127,1.1838,0.9533,0.0094,oval
male,0.9156,1.1225,0.8157,1.1917,0.9965,0.0021,oval
male,0.9164,1.1221,0.8167,1.1962,0.9726,0.0056,oval
male,0.9116,1.1199,0.8141,1.1956,0.9774,0.0009,oval
male,0.9140,1.1223,0.8144,1.1831,0.9813,0.0085,oval
male,0.9124,1.1196,0.8150,1.1964,0.9664,0.0133,oval
male,0.9127,1.1247,0.8115,1.1925,0.9941,0.0120,oval
male,0.9167,1.1190,0.8192,1.2028,0.9644,0.0034,oval
male,0.9126,1.1147,0.8187,1.2016,0.9559,0.0028,oval
male,0.9155,1.1173,0.8194,1.1880,0.9916,0.0105,oval
male,0.9106,1.1178,0.8146,1.1854,0.9922,0.0170,oval
male,0.9139,1.1203,0.8157,1.1858,0.9621,0.0212,oval
male,0.9166,1.1203,0.8182,1.1915,0.9578,0.0147,oval
male,0.9120,1.1179,0.8158,1.1927,0.9723,0.0053,oval
male,0.9095,1.1203,0.8118,1.1948,0.9704,0.0010,oval
male,0.9166,1.1183,0.8197,1.1960,0.9770,0.0200,oval
male,0.9106,1.1159,0.8160,1.2025,0.9605,0.0022,oval
male,0.9151,1.1184,0.8182,1.1923,0.9779,0.0105,oval
male,0.9144,1.1198,0.8166,1.1888,0.9985,0.0185,oval
male,0.9142,1.1233,0.8139,1.1895,0.9790,0.0137,oval
male,0.9139,1.1220,0.8145,1.2013,0.9785,0.0086,oval
male,0.9150,1.1193,0.8174,1.1954,0.9733,0.0016,oval
male,0.9133,1.1187,0.8164,1.1938,0.9836,0.0045,oval
male,0.9133,1.1164,0.8181,1.1944,0.9691,0.0118,oval
male,0.9142,1.1185,0.8174,1.1971,0.9998,0.0090,oval
male,0.9108,1.1209,0.8125,1.1980,0.9575,0.0007,oval
male,0.9138,1.1204,0.8156,1.1926,0.9950,0.0010,oval
male,0.9140,1.1230,0.8139,1.1855,0.9843,0.0139,oval
male,0.9151,1.1217,0.8159,1.1960,0.9838,0.0047,oval
male,0.9178,1.1213,0.8185,1.1962,0.9797,0.0059,oval
male,0.9170,1.1209,0.8181,1.2011,0.9614,0.0102,oval
male,0.9135,1.1181,0.8170,1.1946,0.9803,0.0050,oval
male,0.9154,1.1203,0.8171,1.2027,0.9789,0.0009,oval
male,0.9139,1.1188,0.8168,1.1994,0.9772,0.0061,oval
male,0.9146,1.1203,0.8164,1.1947,0.9572,0.0191,oval
male,0.9138,1.1198,0.8161,1.1947,0.9942,0.0159,oval
male,0.9114,1.1187,0.8147,1.1953,0.9728,0.0013,oval
male,0.9134,1.1203,0.8153,1.2013,0.9976,0.0008,oval
male,0.9146,1.1197,0.8168,1.1891,0.9662,0.0120,oval
male,0.9130,1.1224,0.8135,1.1869,0.9914,0.0103,oval
male,0.9138,1.1194,0.8163,1.1968,0.9822,0.0060,oval
male,0.9135,1.1195,0.8160,1.1854,0.9761,0.0064,oval
male,0.9140,1.1174,0.8180,1.1988,0.9622,0.0160,oval
male,0.9140,1.1185,0.8172,1.1909,0.9544,0.0178,oval
male,0.9107,1.1177,0.8149,1.1888,0.9984,0.0115,oval
male,0.9155,1.1179,0.8190,1.2041,0.9543,0.0117,oval
male,0.9130,1.1205,0.8148,1.1910,0.9775,0.0139,oval
male,0.9118,1.1173,0.8161,1.1926,0.9845,0.0167,oval
male,0.9123,1.1182,0.8159,1.1971,0.9819,0.0045,oval
male,0.9137,1.1250,0.8122,1.1914,0.9652,0.0064,oval
male,0.9160,1.1182,0.8192,1.1887,0.9599,0.0085,oval
male,0.9111,1.1191,0.8142,1.1896,0.9706,0.0046,oval
male,0.9164,1.1216,0.8170,1.1875,0.9543,0.0022,oval
male,0.9149,1.1161,0.8197,1.1859,0.9697,0.0072,oval
male,0.9130,1.1218,0.8138,1.1986,0.9629,0.0113,oval
male,0.9144,1.1232,0.8141,1.1951,0.9619,0.0070,oval
male,0.9152,1.1182,0.8185,1.2017,0.9704,0.0110,oval
male,0.9102,1.1159,0.8157,1.1937,0.9805,0.0086,oval
male,0.9088,1.1186,0.8124,1.1888,0.9861,0.0012,oval
male,0.9169,1.1173,0.8206,1.1980,0.9510,0.0034,oval
male,0.9148,1.1210,0.8160,1.1947,0.9906,0.0017,oval
male,0.9127,1.1159,0.8179,1.1876,0.9948,0.0123,oval
male,0.9107,1.1216,0.8119,1.2009,0.9975,0.0029,oval
male,0.9122,1.1175,0.8162,1.1970,0.9599,0.0105,oval
male,0.9180,1.1182,0.8210,1.1945,0.9593,0.0079,oval
male,0.9134,1.1213,0.8146,1.1986,0.9803,0.0175,oval
male,0.9176,1.1177,0.8210,1.2008,0.9735,0.0032,oval
male,0.9152,1.1178,0.8188,1.1932,0.9635,0.0004,oval
male,0.9144,1.1154,0.8199,1.1996,0.9655,0.0069,oval
male,0.9112,1.1162,0.8163,1.1815,0.9988,0.0172,oval
male,0.9147,1.1195,0.8171,1.1872,0.9864,0.0138,oval
male,0.9129,1.1196,0.8154,1.1840,0.9830,0.0064,oval
male,0.9097,1.1192,0.8128,1.1911,0.9905,0.0129,oval
male,0.9166,1.1229,0.8163,1.1897,0.9781,0.0015,oval
male,0.9123,1.1227,0.8125,1.1873,0.9973,0.0051,oval
male,0.9142,1.1209,0.8156,1.1925,0.9783,0.0138,oval
male,0.9121,1.1200,0.8143,1.1940,0.9579,0.0009,oval
male,0.9110,1.1192,0.8140,1.1938,0.9532,0.0130,oval
male,0.9166,1.1219,0.8170,1.1968,0.9940,0.0027,oval
male,0.9134,1.1185,0.8166,1.1902,0.9991,0.0138,oval
male,0.9129,1.1232,0.8128,1.1860,0.9888,0.0024,oval
male,0.9149,1.1183,0.8181,1.1903,0.9886,0.0106,oval
male,0.9109,1.1206,0.8129,1.2034,0.9959,0.0225,oval
male,0.9138,1.1190,0.8166,1.1887,0.9916,0.0137,oval
male,0.9148,1.1201,0.8167,1.1811,0.9840,0.0070,oval
male,0.9149,1.1211,0.8161,1.1917,0.9724,0.0085,oval
male,0.9146,1.1218,0.8153,1.1976,0.9656,0.0051,oval
male,0.9111,1.1233,0.8111,1.1876,0.9873,0.0057,oval
male,0.9142,1.1222,0.8146,1.1903,0.9635,0.0017,oval
male,0.9161,1.1217,0.8167,1.2003,0.9981,0.0063,oval
male,0.9123,1.1180,0.8160,1.1893,0.9894,0.0093,oval
male,0.9152,1.1177,0.8188,1.1931,0.9864,0.0004,oval
male,0.9152,1.1188,0.8181,1.1907,0.9569,0.0170,oval
male,0.9124,1.1154,0.8180,1.1924,0.9899,0.0045,oval
male,0.9150,1.1175,0.8188,1.1939,0.9619,0.0058,oval
male,0.9125,1.1213,0.8137,1.1957,0.9968,0.0125,oval
male,0.9134,1.1171,0.8177,1.1896,0.9595,0.0090,oval
male,0.9142,1.1216,0.8151,1.1890,0.9756,0.0084,oval
male,0.9135,1.1201,0.8155,1.1891,0.9681,0.0074,oval
male,0.9112,1.1221,0.8120,1.1942,0.9967,0.0097,oval
male,0.9143,1.1206,0.8160,1.2083,0.9963,0.0061,oval
male,0.9130,1.1220,0.8137,1.2010,0.9749,0.0076,oval
male,0.9138,1.1192,0.8165,1.1913,0.9972,0.0084,oval
male,0.9098,1.1173,0.8143,1.1937,0.9540,0.0032,oval
male,0.9095,1.1217,0.8108,1.1829,0.9943,0.0254,oval
male,0.9138,1.1232,0.8135,1.1897,0.9539,0.0034,oval
male,0.9134,1.1181,0.8169,1.1972,0.9623,0.0156,oval
male,0.9152,1.1197,0.8174,1.1942,0.9525,0.0000,oval
male,0.9086,1.1229,0.8091,1.1940,0.9970,0.0128,oval
male,0.9109,1.1203,0.8130,1.1841,0.9959,0.0017,oval
male,0.9112,1.1196,0.8138,1.1904,0.9702,0.0058,oval
male,0.9127,1.1160,0.8178,1.1925,0.9726,0.0039,oval
male,0.9141,1.1199,0.8162,1.1852,0.9840,0.0045,oval
male,0.9122,1.1187,0.8154,1.1961,0.9791,0.0070,oval
male,0.9136,1.1222,0.8141,1.1968,0.9887,0.0086,oval
male,0.9128,1.1189,0.8158,1.1937,0.9667,0.0123,oval
male,0.9123,1.1195,0.8149,1.1845,0.9905,0.0125,oval
male,0.9135,1.1153,0.8191,1.1907,0.9954,0.0135,oval
male,0.9157,1.1187,0.8186,1.1990,0.9547,0.0163,oval
male,0.9158,1.1194,0.8181,1.1962,0.9874,0.0062,oval
male,0.9128,1.1205,0.8146,1.1940,0.9537,0.0304,oval
male,0.9146,1.1181,0.8180,1.1962,0.9700,0.0016,oval
male,0.9163,1.1208,0.8176,1.1900,0.9685,0.0092,oval
male,0.9146,1.1204,0.8163,1.1887,0.9655,0.0071,oval
male,0.9136,1.1209,0.8150,1.1937,0.9814,0.0081,oval
male,0.9114,1.1184,0.8149,1.1952,0.9675,0.0001,oval
male,0.9172,1.1191,0.8196,1.1959,0.9752,0.0225,oval
male,0.9162,1.1202,0.8179,1.1900,0.9897,0.0288,oval
male,0.9155,1.1207,0.8169,1.1951,0.9880,0.0032,oval
male,0.9102,1.1253,0.8088,1.1985,0.9829,0.0102,oval
male,0.9152,1.1205,0.8167,1.1955,0.9971,0.0074,oval
male,0.9140,1.1204,0.8157,1.1855,0.9659,0.0018,oval
male,0.9132,1.1208,0.8148,1.1887,0.9586,0.0093,oval
male,0.9117,1.1184,0.8152,1.1991,0.9828,0.0067,oval
male,0.9164,1.1220,0.8168,1.1949,0.9518,0.0084,oval
male,0.9131,1.1195,0.8157,1.2006,0.9714,0.0030,oval
male,0.9145,1.1202,0.8164,1.1913,0.9931,0.0066,oval
male,0.9173,1.1210,0.8183,1.2013,0.9805,0.0048,oval
male,0.9123,1.1210,0.8139,1.1807,0.9597,0.0072,oval
male,0.9148,1.1206,0.8164,1.1895,0.9552,0.0097,oval
male,0.9134,1.1184,0.8167,1.1975,0.9617,0.0102,oval
male,0.9155,1.1212,0.8165,1.1882,0.9866,0.0018,oval
male,0.9129,1.1206,0.8146,1.1959,0.9931,0.0053,oval
male,0.9156,1.1211,0.8167,1.1983,0.9993,0.0075,oval
male,0.9175,1.1217,0.8180,1.1960,0.9788,0.0100,oval
male,0.9165,1.1204,0.8180,1.1979,0.9793,0.0036,oval
male,0.9146,1.1219,0.8153,1.1849,0.9520,0.0041,oval
male,0.9154,1.1188,0.8182,1.1956,0.9916,0.0107,oval
male,0.9105,1.1182,0.8143,1.2014,0.9937,0.0148,oval
male,0.9135,1.1189,0.8165,1.1932,0.9762,0.0078,oval
male,0.9122,1.1212,0.8136,1.1979,0.9816,0.0080,oval
male,0.9130,1.1196,0.8155,1.1922,0.9683,0.0082,oval
male,0.9145,1.1172,0.8185,1.1900,0.9588,0.0019,oval
male,0.9148,1.1210,0.8161,1.1957,0.9776,0.0148,oval
male,0.9112,1.1197,0.8138,1.1957,0.9670,0.0005,oval
male,0.9146,1.1193,0.8172,1.1924,0.9836,0.0034,oval
male,0.9127,1.1173,0.8169,1.1831,0.9948,0.0149,oval
male,0.9150,1.1217,0.8157,1.1886,0.9701,0.0004,oval
male,0.9140,1.1210,0.8153,1.1899,0.9626,0.0082,oval
male,0.9083,1.1195,0.8114,1.1954,0.9516,0.0016,oval
male,0.9161,1.1223,0.8162,1.1899,0.9587,0.0065,oval
male,0.9162,1.1199,0.8181,1.1891,0.9937,0.0081,oval
male,0.9160,1.1233,0.8155,1.1925,0.9696,0.0072,oval
male,0.9155,1.1186,0.8184,1.1980,0.9527,0.0021,oval
male,0.9134,1.1160,0.8184,1.1931,0.9729,0.0019,oval
male,0.9153,1.1217,0.8160,1.1956,0.9963,0.0092,oval
male,0.9106,1.1195,0.8133,1.2122,0.9896,0.0019,oval
male,0.9150,1.1255,0.8130,1.1909,0.9597,0.0093,oval
male,0.9128,1.1219,0.8136,1.1985,0.9686,0.0028,oval
male,0.9141,1.1227,0.8142,1.1976,0.9802,0.0073,oval
male,0.9141,1.1196,0.8165,1.1984,0.9797,0.0089,oval
male,0.9131,1.1196,0.8155,1.1956,0.9994,0.0112,oval
male,0.9166,1.1196,0.8187,1.1952,0.9756,0.0019,oval
male,0.9193,1.1176,0.8226,1.1850,0.9783,0.0065,oval
male,0.9128,1.1188,0.8159,1.1966,0.9780,0.0155,oval
male,0.9147,1.1200,0.8167,1.1895,0.9857,0.0059,oval
male,0.9130,1.1213,0.8142,1.1894,0.9612,0.0029,oval
male,0.9140,1.1230,0.8139,1.1897,0.9852,0.0032,oval
male,0.9132,1.1198,0.8155,1.1984,0.9919,0.0007,oval
male,0.9141,1.1195,0.8165,1.1947,0.9886,0.0009,oval
male,0.9155,1.1195,0.8178,1.1890,0.9780,0.0105,oval
male,0.9135,1.1195,0.8160,1.1888,0.9704,0.0165,oval
male,0.9152,1.1203,0.8170,1.1910,0.9823,0.0035,oval
male,0.9107,1.1246,0.8098,1.1919,0.9810,0.0062,oval
male,0.9152,1.1219,0.8157,1.1852,0.9760,0.0215,oval
male,0.9121,1.1221,0.8129,1.1961,0.9678,0.0056,oval
male,0.9158,1.1199,0.8178,1.1832,0.9901,0.0060,oval
male,0.9151,1.1165,0.8196,1.1942,0.9511,0.0053,oval
male,0.9160,1.1236,0.8152,1.1970,0.9541,0.0022,oval
male,0.9130,1.1214,0.8142,1.1986,0.9928,0.0046,oval
male,0.9119,1.1189,0.8150,1.2077,0.9740,0.0115,oval
male,0.9153,1.1175,0.8191,1.1943,0.9992,0.0105,oval
male,0.9144,1.1167,0.8189,1.1877,0.9881,0.0099,oval
male,0.9117,1.1179,0.8156,1.1989,0.9929,0.0110,oval
male,0.9133,1.1197,0.8156,1.1960,0.9803,0.0052,oval
male,0.9172,1.1176,0.8207,1.1928,0.9729,0.0004,oval
male,0.9154,1.1189,0.8181,1.1918,0.9769,0.0056,oval
male,0.9140,1.1224,0.8143,1.1868,0.9730,0.0028,oval
male,0.9156,1.1170,0.8197,1.1898,0.9867,0.0122,oval
male,0.9110,1.1187,0.8143,1.1975,0.9502,0.0072,oval
male,0.9142,1.1224,0.8145,1.1912,0.9996,0.0140,oval
male,0.9156,1.1194,0.8179,1.1887,0.9776,0.0043,oval
male,0.9186,1.1224,0.8184,1.1972,0.9773,0.0004,oval
male,0.9173,1.1183,0.8203,1.1949,0.9783,0.0017,oval
male,0.9161,1.1188,0.8188,1.1978,0.9521,0.0026,oval
male,0.9125,1.1199,0.8148,1.1928,0.9595,0.0025,oval
male,0.9137,1.1204,0.8155,1.1992,0.9965,0.0015,oval
male,0.9182,1.1177,0.8215,1.1929,0.9545,0.0133,oval
male,0.9135,1.1195,0.8159,1.1862,0.9547,0.0039,oval
male,0.9152,1.1192,0.8178,1.2045,0.9751,0.0116,oval
male,0.9128,1.1205,0.8147,1.1924,0.9720,0.0076,oval
male,0.9143,1.1242,0.8133,1.1831,0.9797,0.0087,oval
male,0.9107,1.1220,0.8117,1.1907,0.9885,0.0025,oval
male,0.9124,1.1175,0.8164,1.1926,0.9647,0.0082,oval
male,0.9152,1.1212,0.8163,1.1949,0.9791,0.0090,oval
male,0.9139,1.1215,0.8149,1.1950,0.9539,0.0024,oval
male,0.9155,1.1212,0.8165,1.1910,0.9925,0.0027,oval
male,0.9151,1.1192,0.8177,1.1857,0.9653,0.0034,oval
male,0.9114,1.1209,0.8131,1.1979,0.9627,0.0016,oval
male,0.9150,1.1242,0.8140,1.1895,0.9955,0.0089,oval
male,0.9172,1.1229,0.8169,1.1856,0.9762,0.0218,oval
male,0.9114,1.1186,0.8148,1.1988,0.9982,0.0128,oval
male,0.9128,1.1229,0.8129,1.1887,0.9773,0.0070,oval
male,0.9112,1.1242,0.8105,1.1940,0.9721,0.0048,oval
male,0.9146,1.1215,0.8155,1.1933,0.9945,0.0081,oval
male,0.9087,1.1158,0.8144,1.1902,0.9609,0.0044,oval
male,0.9155,1.1193,0.8179,1.1899,0.9736,0.0095,oval
male,0.9124,1.1184,0.8158,1.1907,0.9981,0.0087,oval
male,0.9157,1.1187,0.8186,1.1953,0.9653,0.0109,oval
male,0.9137,1.1213,0.8148,1.1887,0.9769,0.0044,oval
male,0.9165,1.1218,0.8170,1.1979,0.9745,0.0098,oval
male,0.9166,1.1210,0.8177,1.1943,0.9583,0.0051,oval
male,1.0457,0.8826,1.1848,1.2234,0.9847,0.0188,inverted_triangle
male,1.0444,0.8857,1.1792,1.2311,0.9741,0.0011,inverted_triangle
male,1.0443,0.8878,1.1763,1.2323,0.9836,0.0040,inverted_triangle
male,1.0451,0.8860,1.1796,1.2317,0.9692,0.0029,inverted_triangle
male,1.0457,0.8865,1.1796,1.2313,0.9851,0.0045,inverted_triangle
male,1.0447,0.8874,1.1772,1.2236,0.9677,0.0043,inverted_triangle
male,1.0451,0.8884,1.1764,1.2245,0.9799,0.0156,inverted_triangle
male,1.0457,0.8831,1.1840,1.2237,0.9501,0.0017,inverted_triangle
male,1.0464,0.8865,1.1803,1.2261,0.9981,0.0068,inverted_triangle
male,1.0482,0.8809,1.1899,1.2278,0.9629,0.0081,inverted_triangle
male,1.0448,0.8938,1.1689,1.2255,0.9522,0.0049,inverted_triangle
male,1.0412,0.8876,1.1731,1.2276,0.9683,0.0092,inverted_triangle
male,1.0475,0.8823,1.1872,1.2299,0.9820,0.0068,inverted_triangle
male,1.0476,0.8868,1.1813,1.2231,0.9913,0.0034,inverted_triangle
male,1.0472,0.8852,1.1830,1.2340,0.9899,0.0157,inverted_triangle
male,1.0451,0.8881,1.1768,1.2245,0.9592,0.0046,inverted_triangle
male,1.0447,0.8887,1.1756,1.2291,0.9856,0.0099,inverted_triangle
male,1.0472,0.8873,1.1802,1.2312,0.9695,0.0127,inverted_triangle
male,1.0458,0.8842,1.1828,1.2258,0.9566,0.0116,inverted_triangle
male,1.0463,0.8889,1.1772,1.2335,0.9947,0.0001,inverted_triangle
male,1.0436,0.8859,1.1779,1.2267,0.9706,0.0109,inverted_triangle
male,1.0439,0.8817,1.1840,1.2347,0.9781,0.0148,inverted_triangle
male,1.0436,0.8890,1.1738,1.2261,0.9738,0.0046,inverted_triangle
male,1.0449,0.8824,1.1841,1.2261,0.9509,0.0131,inverted_triangle
male,1.0445,0.8882,1.1759,1.2293,0.9864,0.0112,inverted_triangle
male,1.0434,0.8843,1.1799,1.2244,0.9765,0.0095,inverted_triangle
male,1.0442,0.8885,1.1752,1.2302,0.9635,0.0046,inverted_triangle
male,1.0454,0.8852,1.1809,1.2283,0.9693,0.0073,inverted_triangle
male,1.0478,0.8861,1.1825,1.2227,0.9977,0.0099,inverted_triangle
male,1.0448,0.8878,1.1768,1.2327,0.9847,0.0149,inverted_triangle
male,1.0448,0.8875,1.1773,1.2272,0.9555,0.0007,inverted_triangle
male,1.0467,0.8842,1.1838,1.2203,0.9997,0.0080,inverted_triangle
male,1.0478,0.8891,1.1785,1.2301,0.9925,0.0017,inverted_triangle
male,1.0435,0.8888,1.1741,1.2353,0.9746,0.0045,inverted_triangle
male,1.0419,0.8854,1.1767,1.2310,0.9536,0.0096,inverted_triangle
male,1.0451,0.8867,1.1787,1.2262,0.9835,0.0070,inverted_triangle
male,1.0453,0.8842,1.1821,1.2348,0.9550,0.0009,inverted_triangle
male,1.0439,0.8898,1.1733,1.2209,0.9900,0.0058,inverted_triangle
male,1.0432,0.8866,1.1766,1.2279,0.9597,0.0025,inverted_triangle
male,1.0444,0.8850,1.1801,1.2283,0.9968,0.0119,inverted_triangle
male,1.0427,0.8848,1.1785,1.2405,0.9782,0.0001,inverted_triangle
male,1.0430,0.8838,1.1802,1.2199,0.9595,0.0060,inverted_triangle
male,1.0446,0.8875,1.1770,1.2250,0.9568,0.0192,inverted_triangle
male,1.0482,0.8882,1.1800,1.2235,0.9666,0.0046,inverted_triangle
male,1.0442,0.8889,1.1747,1.2222,0.9646,0.0281,inverted_triangle
male,1.0461,0.8859,1.1809,1.2268,0.9902,0.0067,inverted_triangle
male,1.0426,0.8827,1.1812,1.2255,0.9880,0.0143,inverted_triangle
male,1.0470,0.8854,1.1825,1.2337,0.9617,0.0248,inverted_triangle
male,1.0450,0.8887,1.1760,1.2258,0.9583,0.0270,inverted_triangle
male,1.0458,0.8900,1.1751,1.2289,0.9741,0.0148,inverted_triangle
male,1.0418,0.8840,1.1785,1.2306,0.9636,0.0126,inverted_triangle
male,1.0465,0.8862,1.1808,1.2245,0.9762,0.0056,inverted_triangle
male,1.0449,0.8865,1.1787,1.2267,0.9589,0.0080,inverted_triangle
male,1.0452,0.8870,1.1783,1.2331,0.9550,0.0059,inverted_triangle
male,1.0453,0.8866,1.1790,1.2146,0.9626,0.0046,inverted_triangle
male,1.0445,0.8874,1.1770,1.2231,0.9616,0.0021,inverted_triangle
male,1.0477,0.8853,1.1834,1.2303,0.9917,0.0120,inverted_triangle
male,1.0459,0.8873,1.1788,1.2336,0.9810,0.0042,inverted_triangle
male,1.0471,0.8858,1.1821,1.2257,0.9836,0.0022,inverted_triangle
male,1.0453,0.8871,1.1784,1.2227,0.9749,0.0106,inverted_triangle
male,1.0457,0.8865,1.1795,1.2263,0.9743,0.0082,inverted_triangle
male,1.0472,0.8852,1.1830,1.2365,0.9893,0.0021,inverted_triangle
male,1.0436,0.8838,1.1809,1.2356,0.9627,0.0034,inverted_triangle
male,1.0448,0.8854,1.1800,1.2291,0.9970,0.0028,inverted_triangle
male,1.0418,0.8864,1.1753,1.2321,0.9718,0.0092,inverted_triangle
male,1.0430,0.8862,1.1770,1.2368,0.9766,0.0042,inverted_triangle
male,1.0488,0.8835,1.1871,1.2234,0.9998,0.0132,inverted_triangle
male,1.0464,0.8873,1.1793,1.2297,0.9641,0.0105,inverted_triangle
male,1.0507,0.8861,1.1858,1.2323,0.9754,0.0122,inverted_triangle
male,1.0455,0.8885,1.1767,1.2352,0.9967,0.0005,inverted_triangle
male,1.0440,0.8870,1.1770,1.2279,0.9810,0.0072,inverted_triangle
male,1.0480,0.8847,1.1846,1.2165,0.9593,0.0028,inverted_triangle
male,1.0476,0.8887,1.1787,1.2370,0.9641,0.0065,inverted_triangle
male,1.0411,0.8859,1.1752,1.2279,0.9888,0.0040,inverted_triangle
male,1.0434,0.8849,1.1791,1.2319,0.9542,0.0043,inverted_triangle
male,1.0412,0.8876,1.1730,1.2320,0.9958,0.0116,inverted_triangle
male,1.0451,0.8858,1.1798,1.2287,0.9555,0.0026,inverted_triangle
male,1.0460,0.8896,1.1758,1.2346,0.9761,0.0060,inverted_triangle
male,1.0439,0.8865,1.1775,1.2281,0.9983,0.0085,inverted_triangle
male,1.0453,0.8860,1.1798,1.2326,0.9614,0.0030,inverted_triangle
male,1.0461,0.8889,1.1768,1.2309,0.9688,0.0116,inverted_triangle
male,1.0490,0.8862,1.1837,1.2345,0.9554,0.0010,inverted_triangle
male,1.0448,0.8860,1.1793,1.2282,0.9878,0.0003,inverted_triangle
male,1.0460,0.8837,1.1837,1.2236,0.9827,0.0090,inverted_triangle
male,1.0464,0.8844,1.1832,1.2219,0.9635,0.0032,inverted_triangle
male,1.0478,0.8837,1.1856,1.2316,0.9520,0.0016,inverted_triangle
male,1.0414,0.8849,1.1769,1.2280,0.9838,0.0084,inverted_triangle
male,1.0439,0.8872,1.1766,1.2363,0.9615,0.0115,inverted_triangle
male,1.0440,0.8884,1.1751,1.2246,0.9537,0.0121,inverted_triangle
male,1.0431,0.8871,1.1758,1.2276,0.9846,0.0104,inverted_triangle
male,1.0488,0.8882,1.1808,1.2409,0.9780,0.0028,inverted_triangle
male,1.0449,0.8825,1.1841,1.2283,0.9981,0.0054,inverted_triangle
male,1.0420,0.8850,1.1775,1.2320,0.9711,0.0014,inverted_triangle
male,1.0430,0.8850,1.1786,1.2296,0.9745,0.0055,inverted_triangle
male,1.0449,0.8860,1.1793,1.2310,0.9593,0.0144,inverted_triangle
male,1.0449,0.8901,1.1739,1.2266,0.9720,0.0153,inverted_triangle
male,1.0414,0.8874,1.1735,1.2242,0.9887,0.0021,inverted_triangle
male,1.0442,0.8843,1.1808,1.2293,0.9595,0.0039,inverted_triangle
male,1.0446,0.8824,1.1838,1.2274,0.9597,0.0171,inverted_triangle
male,1.0479,0.8875,1.1807,1.2265,0.9844,0.0029,inverted_triangle
male,1.0470,0.8873,1.1799,1.2251,0.9555,0.0070,inverted_triangle
male,1.0438,0.8835,1.1814,1.2210,0.9633,0.0073,inverted_triangle
male,1.0467,0.8880,1.1787,1.2252,0.9874,0.0127,inverted_triangle
male,1.0460,0.8840,1.1832,1.2301,0.9932,0.0033,inverted_triangle
male,1.0442,0.8869,1.1774,1.2235,0.9797,0.0049,inverted_triangle
male,1.0452,0.8866,1.1790,1.2284,0.9665,0.0043,inverted_triangle
male,1.0443,0.8876,1.1766,1.2207,0.9859,0.0040,inverted_triangle
male,1.0392,0.8878,1.1706,1.2353,0.9599,0.0104,inverted_triangle
male,1.0476,0.8874,1.1805,1.2322,0.9941,0.0017,inverted_triangle
male,1.0475,0.8852,1.1834,1.2227,0.9639,0.0141,inverted_triangle
male,1.0422,0.8834,1.1797,1.2366,0.9741,0.0058,inverted_triangle
male,1.0464,0.8872,1.1794,1.2262,0.9886,0.0030,inverted_triangle
male,1.0446,0.8862,1.1787,1.2275,0.9592,0.0039,inverted_triangle
male,1.0451,0.8840,1.1822,1.2343,0.9559,0.0154,inverted_triangle
male,1.0466,0.8879,1.1787,1.2197,0.9568,0.0075,inverted_triangle
male,1.0450,0.8838,1.1824,1.2204,0.9698,0.0103,inverted_triangle
male,1.0466,0.8854,1.1820,1.2254,0.9772,0.0210,inverted_triangle
male,1.0478,0.8852,1.1838,1.2336,0.9931,0.0099,inverted_triangle
male,1.0434,0.8837,1.1807,1.2161,0.9906,0.0069,inverted_triangle
male,1.0460,0.8852,1.1817,1.2272,0.9504,0.0129,inverted_triangle
male,1.0454,0.8872,1.1782,1.2252,0.9645,0.0121,inverted_triangle
male,1.0463,0.8833,1.1846,1.2282,0.9831,0.0057,inverted_triangle
male,1.0461,0.8849,1.1821,1.2318,0.9936,0.0044,inverted_triangle
male,1.0475,0.8833,1.1859,1.2294,0.9771,0.0234,inverted_triangle
male,1.0464,0.8864,1.1805,1.2293,0.9621,0.0162,inverted_triangle
male,1.0466,0.8840,1.1840,1.2234,0.9702,0.0107,inverted_triangle
male,1.0440,0.8852,1.1795,1.2315,0.9581,0.0019,inverted_triangle
male,1.0432,0.8884,1.1743,1.2365,0.9604,0.0065,inverted_triangle
male,1.0456,0.8862,1.1799,1.2293,0.9711,0.0047,inverted_triangle
male,1.0445,0.8881,1.1761,1.2356,0.9650,0.0062,inverted_triangle
male,1.0451,0.8845,1.1816,1.2276,0.9513,0.0021,inverted_triangle
male,1.0451,0.8886,1.1761,1.2228,0.9654,0.0109,inverted_triangle
male,1.0452,0.8871,1.1782,1.2235,0.9532,0.0117,inverted_triangle
male,1.0427,0.8855,1.1776,1.2335,0.9900,0.0123,inverted_triangle
male,1.0432,0.8872,1.1759,1.2221,0.9580,0.0209,inverted_triangle
male,1.0455,0.8853,1.1810,1.2283,0.9737,0.0064,inverted_triangle
male,1.0440,0.8863,1.1780,1.2404,0.9802,0.0192,inverted_triangle
male,1.0435,0.8886,1.1743,1.2288,0.9730,0.0044,inverted_triangle
male,1.0437,0.8886,1.1746,1.2354,0.9865,0.0073,inverted_triangle
male,1.0463,0.8864,1.1804,1.2254,0.9620,0.0006,inverted_triangle
male,1.0474,0.8851,1.1833,1.2220,0.9611,0.0165,inverted_triangle
male,1.0442,0.8889,1.1747,1.2248,0.9987,0.0002,inverted_triangle
male,1.0438,0.8862,1.1779,1.2187,0.9544,0.0095,inverted_triangle
male,1.0471,0.8874,1.1800,1.2271,0.9790,0.0100,inverted_triangle
male,1.0458,0.8857,1.1808,1.2298,0.9977,0.0033,inverted_triangle
male,1.0460,0.8876,1.1785,1.2336,0.9744,0.0111,inverted_triangle
male,1.0446,0.8865,1.1783,1.2262,0.9541,0.0112,inverted_triangle
male,1.0466,0.8832,1.1850,1.2376,0.9575,0.0019,inverted_triangle
male,1.0472,0.8855,1.1825,1.2323,0.9776,0.0010,inverted_triangle
male,1.0473,0.8898,1.1770,1.2272,0.9994,0.0057,inverted_triangle
male,1.0451,0.8847,1.1813,1.2275,0.9816,0.0105,inverted_triangle
male,1.0413,0.8885,1.1719,1.2155,0.9811,0.0104,inverted_triangle
male,1.0448,0.8899,1.1741,1.2294,0.9745,0.0013,inverted_triangle
male,1.0457,0.8859,1.1804,1.2302,0.9644,0.0081,inverted_triangle
male,1.0442,0.8870,1.1772,1.2343,0.9792,0.0123,inverted_triangle
male,1.0477,0.8823,1.1874,1.2322,0.9931,0.0005,inverted_triangle
male,1.0485,0.8852,1.1844,1.2291,0.9743,0.0053,inverted_triangle
male,1.0431,0.8871,1.1759,1.2234,0.9616,0.0015,inverted_triangle
male,1.0450,0.8869,1.1783,1.2281,0.9679,0.0082,inverted_triangle
male,1.0419,0.8859,1.1760,1.2289,0.9841,0.0001,inverted_triangle
male,1.0462,0.8866,1.1801,1.2255,0.9797,0.0010,inverted_triangle
male,1.0476,0.8790,1.1918,1.2298,0.9711,0.0145,inverted_triangle
male,1.0457,0.8857,1.1806,1.2209,0.9606,0.0046,inverted_triangle
male,1.0439,0.8846,1.1801,1.2285,0.9760,0.0161,inverted_triangle
male,1.0438,0.8893,1.1738,1.2364,0.9955,0.0026,inverted_triangle
male,1.0420,0.8861,1.1760,1.2349,0.9924,0.0183,inverted_triangle
male,1.0444,0.8872,1.1771,1.2277,0.9868,0.0142,inverted_triangle
male,1.0464,0.8828,1.1854,1.2263,0.9930,0.0143,inverted_triangle
male,1.0431,0.8835,1.1806,1.2227,0.9935,0.0057,inverted_triangle
male,1.0466,0.8875,1.1793,1.2230,0.9530,0.0135,inverted_triangle
male,1.0466,0.8855,1.1820,1.2257,0.9636,0.0052,inverted_triangle
male,1.0454,0.8883,1.1769,1.2284,0.9634,0.0052,inverted_triangle
male,1.0474,0.8883,1.1791,1.2215,0.9615,0.0087,inverted_triangle
male,1.0454,0.8843,1.1821,1.2306,0.9888,0.0042,inverted_triangle
male,1.0417,0.8845,1.1778,1.2325,0.9814,0.0032,inverted_triangle
male,1.0457,0.8879,1.1777,1.2254,0.9936,0.0057,inverted_triangle
male,1.0453,0.8871,1.1784,1.2282,0.9811,0.0021,inverted_triangle
male,1.0429,0.8860,1.1771,1.2235,0.9968,0.0033,inverted_triangle
male,1.0485,0.8881,1.1806,1.2232,0.9629,0.0003,inverted_triangle
male,1.0451,0.8848,1.1812,1.2248,0.9690,0.0042,inverted_triangle
male,1.0468,0.8860,1.1815,1.2232,0.9746,0.0103,inverted_triangle
male,1.0425,0.8851,1.1779,1.2326,0.9911,0.0045,inverted_triangle
male,1.0443,0.8880,1.1760,1.2243,0.9624,0.0106,inverted_triangle
male,1.0464,0.8832,1.1848,1.2278,0.9560,0.0046,inverted_triangle
male,1.0470,0.8865,1.1811,1.2272,0.9582,0.0118,inverted_triangle
male,1.0462,0.8874,1.1789,1.2362,0.9732,0.0205,inverted_triangle
male,1.0474,0.8865,1.1815,1.2233,0.9544,0.0179,inverted_triangle
male,1.0435,0.8881,1.1749,1.2309,0.9866,0.0019,inverted_triangle
male,1.0488,0.8833,1.1874,1.2355,0.9544,0.0068,inverted_triangle
male,1.0422,0.8876,1.1743,1.2355,0.9701,0.0040,inverted_triangle
male,1.0490,0.8890,1.1799,1.2174,0.9923,0.0045,inverted_triangle
male,1.0481,0.8858,1.1833,1.2361,0.9694,0.0107,inverted_triangle
male,1.0425,0.8855,1.1773,1.2279,0.9594,0.0062,inverted_triangle
male,1.0495,0.8865,1.1839,1.2356,0.9705,0.0187,inverted_triangle
male,1.0496,0.8880,1.1820,1.2276,0.9805,0.0083,inverted_triangle
male,1.0460,0.8878,1.1781,1.2293,0.9548,0.0163,inverted_triangle
male,1.0420,0.8859,1.1763,1.2336,0.9796,0.0107,inverted_triangle
male,1.0439,0.8857,1.1787,1.2280,0.9540,0.0290,inverted_triangle
male,1.0452,0.8877,1.1775,1.2264,0.9832,0.0000,inverted_triangle
male,1.0426,0.8855,1.1774,1.2308,0.9519,0.0087,inverted_triangle
male,1.0457,0.8887,1.1767,1.2227,0.9751,0.0038,inverted_triangle
male,1.0471,0.8836,1.1851,1.2282,0.9703,0.0033,inverted_triangle
male,1.0478,0.8881,1.1799,1.2340,0.9849,0.0103,inverted_triangle
male,1.0464,0.8843,1.1833,1.2276,0.9972,0.0014,inverted_triangle
male,1.0490,0.8869,1.1827,1.2364,0.9732,0.0037,inverted_triangle
male,1.0461,0.8862,1.1804,1.2260,0.9775,0.0117,inverted_triangle
male,1.0471,0.8853,1.1828,1.2271,0.9684,0.0023,inverted_triangle
male,1.0462,0.8856,1.1813,1.2318,0.9934,0.0137,inverted_triangle
male,1.0415,0.8870,1.1742,1.2302,0.9737,0.0171,inverted_triangle
male,1.0437,0.8872,1.1763,1.2256,0.9730,0.0015,inverted_triangle
male,1.0442,0.8884,1.1754,1.2339,0.9582,0.0016,inverted_triangle
male,1.0465,0.8873,1.1794,1.2271,0.9551,0.0076,inverted_triangle
male,1.0447,0.8843,1.1814,1.2295,0.9836,0.0228,inverted_triangle
male,1.0466,0.8889,1.1774,1.2366,0.9894,0.0025,inverted_triangle
male,1.0446,0.8874,1.1772,1.2203,0.9770,0.0057,inverted_triangle
male,1.0487,0.8851,1.1847,1.2303,0.9556,0.0238,inverted_triangle
male,1.0419,0.8868,1.1749,1.2317,0.9914,0.0046,inverted_triangle
male,1.0478,0.8875,1.1806,1.2333,0.9554,0.0057,inverted_triangle
male,1.0451,0.8874,1.1777,1.2328,0.9915,0.0051,inverted_triangle
male,1.0468,0.8822,1.1865,1.2333,0.9728,0.0023,inverted_triangle
male,1.0446,0.8871,1.1775,1.2346,0.9716,0.0222,inverted_triangle
male,1.0457,0.8872,1.1787,1.2284,0.9955,0.0242,inverted_triangle
male,1.0466,0.8854,1.1821,1.2286,0.9750,0.0060,inverted_triangle
male,1.0459,0.8832,1.1842,1.2272,0.9863,0.0075,inverted_triangle
male,1.0465,0.8865,1.1805,1.2265,0.9649,0.0144,inverted_triangle
male,1.0426,0.8823,1.1817,1.2187,0.9717,0.0154,inverted_triangle
male,1.0439,0.8871,1.1768,1.2278,0.9807,0.0044,inverted_triangle
male,1.0468,0.8877,1.1792,1.2307,0.9562,0.0166,inverted_triangle
male,1.0457,0.8844,1.1824,1.2290,0.9537,0.0035,inverted_triangle
male,1.0427,0.8863,1.1765,1.2408,0.9519,0.0081,inverted_triangle
male,1.0460,0.8865,1.1800,1.2267,0.9803,0.0076,inverted_triangle
male,1.0459,0.8876,1.1784,1.2409,0.9994,0.0167,inverted_triangle
male,1.0450,0.8880,1.1769,1.2294,0.9590,0.0106,inverted_triangle
male,1.0455,0.8877,1.1777,1.2255,0.9663,0.0042,inverted_triangle
male,1.0469,0.8843,1.1840,1.2326,0.9874,0.0072,inverted_triangle
male,1.0510,0.8867,1.1853,1.2288,0.9662,0.0074,inverted_triangle
male,1.0445,0.8865,1.1782,1.2312,0.9571,0.0037,inverted_triangle
male,1.0451,0.8867,1.1787,1.2255,0.9923,0.0106,inverted_triangle
male,1.0440,0.8859,1.1785,1.2346,0.9552,0.0150,inverted_triangle
male,1.0420,0.8867,1.1751,1.2301,0.9514,0.0007,inverted_triangle
male,1.0448,0.8853,1.1801,1.2345,0.9932,0.0033,inverted_triangle
male,1.0475,0.8866,1.1815,1.2346,0.9665,0.0044,inverted_triangle
male,1.0455,0.8868,1.1790,1.2191,0.9838,0.0145,inverted_triangle
male,1.0447,0.8844,1.1813,1.2259,0.9641,0.0087,inverted_triangle
male,1.0442,0.8885,1.1752,1.2304,0.9795,0.0129,inverted_triangle
male,1.0455,0.8871,1.1786,1.2258,0.9867,0.0078,inverted_triangle
male,1.0455,0.8849,1.1816,1.2272,0.9924,0.0051,inverted_triangle
male,1.0486,0.8870,1.1822,1.2199,0.9784,0.0036,inverted_triangle
male,1.0441,0.8879,1.1759,1.2209,0.9702,0.0070,inverted_triangle
male,1.0434,0.8857,1.1780,1.2351,0.9767,0.0005,inverted_triangle
male,1.0445,0.8858,1.1791,1.2227,0.9611,0.0118,inverted_triangle
male,1.0405,0.8827,1.1787,1.2372,0.9581,0.0007,inverted_triangle
male,1.0443,0.8868,1.1775,1.2219,0.9927,0.0137,inverted_triangle
male,1.0463,0.8851,1.1822,1.2240,0.9676,0.0096,inverted_triangle
male,1.0463,0.8834,1.1845,1.2344,0.9508,0.0111,inverted_triangle
male,1.0495,0.8909,1.1781,1.2316,0.9988,0.0066,inverted_triangle
male,1.0457,0.8848,1.1819,1.2305,0.9972,0.0190,inverted_triangle
male,1.0461,0.8831,1.1846,1.2346,0.9735,0.0094,inverted_triangle
male,1.0463,0.8820,1.1863,1.2355,0.9780,0.0067,inverted_triangle
male,1.0456,0.8847,1.1819,1.2240,0.9730,0.0022,inverted_triangle
male,1.0469,0.8892,1.1774,1.2240,0.9629,0.0009,inverted_triangle
male,1.0435,0.8861,1.1776,1.2169,0.9872,0.0022,inverted_triangle
male,1.0466,0.8866,1.1804,1.2276,0.9665,0.0041,inverted_triangle
male,1.0446,0.8835,1.1824,1.2350,0.9960,0.0111,inverted_triangle
male,1.0472,0.8837,1.1850,1.2259,0.9980,0.0140,inverted_triangle
male,1.0480,0.8873,1.1811,1.2232,0.9718,0.0072,inverted_triangle
male,1.0437,0.8855,1.1787,1.2283,0.9650,0.0060,inverted_triangle
male,1.0420,0.8892,1.1717,1.2264,0.9903,0.0068,inverted_triangle
male,1.0450,0.8913,1.1724,1.2361,0.9540,0.0049,inverted_triangle
male,1.0434,0.8834,1.1812,1.2294,0.9948,0.0083,inverted_triangle
male,1.0450,0.8884,1.1763,1.2349,0.9571,0.0042,inverted_triangle
male,1.0459,0.8859,1.1806,1.2355,0.9798,0.0025,inverted_triangle
male,1.0434,0.8859,1.1778,1.2297,0.9650,0.0071,inverted_triangle
male,1.0449,0.8866,1.1786,1.2330,0.9720,0.0043,inverted_triangle
male,1.0462,0.8877,1.1785,1.2373,0.9901,0.0088,inverted_triangle
male,1.0428,0.8866,1.1761,1.2345,0.9844,0.0159,inverted_triangle
male,1.0454,0.8897,1.1751,1.2289,0.9877,0.0167,inverted_triangle
male,1.0410,0.8892,1.1708,1.2315,0.9586,0.0014,inverted_triangle
male,1.0435,0.8898,1.1728,1.2353,0.9883,0.0098,inverted_triangle
male,1.0432,0.8854,1.1783,1.2405,0.9975,0.0108,inverted_triangle
male,1.0451,0.8862,1.1793,1.2317,0.9619,0.0010,inverted_triangle
male,1.0469,0.8849,1.1831,1.2218,0.9960,0.0101,inverted_triangle
male,1.0456,0.8883,1.1771,1.2329,0.9503,0.0079,inverted_triangle
male,1.0484,0.8879,1.1809,1.2273,0.9874,0.0110,inverted_triangle
male,1.0445,0.8855,1.1796,1.2308,0.9904,0.0099,inverted_triangle
male,1.0473,0.8869,1.1808,1.2342,0.9588,0.0009,inverted_triangle
male,1.0450,0.8836,1.1827,1.2321,0.9501,0.0043,inverted_triangle
male,1.0442,0.8830,1.1826,1.2337,0.9772,0.0030,inverted_triangle
male,1.0484,0.8869,1.1820,1.2153,0.9961,0.0045,inverted_triangle
male,1.0468,0.8892,1.1772,1.2289,0.9556,0.0080,inverted_triangle
male,1.0436,0.8849,1.1793,1.2328,0.9516,0.0071,inverted_triangle
male,1.0432,0.8874,1.1755,1.2295,0.9500,0.0065,inverted_triangle
male,1.0469,0.8880,1.1790,1.2231,0.9576,0.0183,inverted_triangle
male,1.0478,0.8869,1.1815,1.2240,0.9509,0.0046,inverted_triangle
male,1.0434,0.8866,1.1769,1.2281,0.9985,0.0061,inverted_triangle
male,1.0433,0.8852,1.1786,1.2236,0.9710,0.0016,inverted_triangle
male,1.0466,0.8867,1.1804,1.2366,0.9919,0.0063,inverted_triangle
male,1.0431,0.8842,1.1798,1.2315,0.9723,0.0276,inverted_triangle
male,1.0435,0.8869,1.1766,1.2209,0.9811,0.0054,inverted_triangle
male,1.0487,0.8906,1.1776,1.2310,0.9867,0.0042,inverted_triangle
male,1.0448,0.8861,1.1791,1.2251,0.9894,0.0075,inverted_triangle
male,1.0441,0.8818,1.1841,1.2324,0.9786,0.0070,inverted_triangle
male,1.0463,0.8880,1.1783,1.2359,0.9686,0.0131,inverted_triangle
male,1.0456,0.8865,1.1795,1.2326,0.9575,0.0128,inverted_triangle
male,1.0448,0.8881,1.1765,1.2395,0.9960,0.0116,inverted_triangle
male,1.0481,0.8897,1.1780,1.2323,0.9539,0.0149,inverted_triangle
male,1.0436,0.8873,1.1762,1.2338,0.9847,0.0123,inverted_triangle
male,1.0443,0.8869,1.1775,1.2305,0.9576,0.0096,inverted_triangle
male,1.0443,0.8859,1.1789,1.2257,0.9661,0.0150,inverted_triangle
male,1.0456,0.8847,1.1820,1.2344,0.9837,0.0027,inverted_triangle
male,1.0502,0.8870,1.1839,1.2356,0.9670,0.0002,inverted_triangle
male,1.0420,0.8859,1.1762,1.2255,0.9675,0.0012,inverted_triangle
male,1.0433,0.8880,1.1749,1.2361,0.9934,0.0025,inverted_triangle
male,1.0453,0.8879,1.1772,1.2164,0.9765,0.0145,inverted_triangle
male,1.0434,0.8901,1.1723,1.2362,0.9911,0.0095,inverted_triangle
male,1.0450,0.8897,1.1746,1.2252,0.9899,0.0004,inverted_triangle
male,1.0441,0.8871,1.1769,1.2270,0.9595,0.0101,inverted_triangle
male,1.0458,0.8831,1.1842,1.2268,0.9547,0.0053,inverted_triangle
male,1.0454,0.8918,1.1723,1.2284,0.9908,0.0034,inverted_triangle
male,1.0484,0.8891,1.1791,1.2218,0.9925,0.0052,inverted_triangle
male,1.0423,0.8870,1.1750,1.2241,0.9803,0.0033,inverted_triangle
male,1.0454,0.8866,1.1790,1.2222,0.9748,0.0020,inverted_triangle
male,1.0459,0.8859,1.1806,1.2309,0.9843,0.0011,inverted_triangle
male,1.0449,0.8875,1.1774,1.2260,0.9816,0.0089,inverted_triangle
male,1.0475,0.8857,1.1827,1.2271,0.9522,0.0030,inverted_triangle
male,1.0466,0.8859,1.1815,1.2291,0.9813,0.0042,inverted_triangle
male,1.0470,0.8837,1.1847,1.2362,0.9621,0.0108,inverted_triangle
male,1.0437,0.8907,1.1718,1.2269,0.9853,0.0094,inverted_triangle
male,1.0419,0.8853,1.1769,1.2292,0.9503,0.0061,inverted_triangle
male,1.0428,0.8858,1.1772,1.2238,0.9825,0.0017,inverted_triangle
male,1.0469,0.8821,1.1869,1.2221,0.9692,0.0058,inverted_triangle
male,1.0433,0.8891,1.1735,1.2344,0.9696,0.0042,inverted_triangle
male,1.0459,0.8851,1.1817,1.2267,0.9883,0.0029,inverted_triangle
male,1.0463,0.8881,1.1782,1.2244,0.9723,0.0125,inverted_triangle
male,1.0491,0.8890,1.1800,1.2211,0.9916,0.0132,inverted_triangle
male,1.0449,0.8893,1.1750,1.2249,0.9756,0.0244,inverted_triangle
male,1.0420,0.8898,1.1710,1.2304,0.9789,0.0063,inverted_triangle
male,1.0421,0.8892,1.1720,1.2311,0.9511,0.0080,inverted_triangle
male,1.0449,0.8878,1.1770,1.2284,0.9833,0.0124,inverted_triangle
male,1.0398,0.8864,1.1730,1.2348,0.9574,0.0176,inverted_triangle
male,1.0446,0.8892,1.1748,1.2252,0.9936,0.0104,inverted_triangle
male,1.0471,0.8885,1.1785,1.2261,0.9586,0.0178,inverted_triangle
male,1.0469,0.8871,1.1802,1.2350,0.9801,0.0082,inverted_triangle
male,1.0451,0.8872,1.1780,1.2336,0.9922,0.0178,inverted_triangle
male,1.0424,0.8886,1.1731,1.2265,0.9807,0.0047,inverted_triangle
male,1.0418,0.8869,1.1747,1.2310,0.9681,0.0034,inverted_triangle
male,1.0501,0.8851,1.1864,1.2297,0.9618,0.0019,inverted_triangle
male,1.0431,0.8824,1.1821,1.2368,0.9534,0.0081,inverted_triangle
male,1.0480,0.8838,1.1858,1.2300,0.9699,0.0257,inverted_triangle
male,1.0442,0.8855,1.1793,1.2226,0.9769,0.0004,inverted_triangle
female,1.0698,0.8605,1.2432,1.2008,0.9900,0.0000,hourglass
female,1.0698,0.8605,1.2432,1.2008,0.9900,0.0000,hourglass
female,1.0698,0.8605,1.2432,1.2008,0.9900,0.0000,hourglass
female,1.0698,0.8605,1.2432,1.2008,0.9900,0.0000,hourglass
female,1.0698,0.8605,1.2432,1.2008,0.9900,0.0000,hourglass
female,1.0698,0.8605,1.2432,1.2008,0.9900,0.0000,hourglass
female,1.0698,0.8605,1.2432,1.2008,0.9900,0.0000,hourglass
female,1.0698,0.8605,1.2432,1.2008,0.9900,0.0000,hourglass
female,1.0698,0.8605,1.2432,1.2008,0.9900,0.0000,hourglass
female,1.0698,0.8605,1.2432,1.2008,0.9900,0.0000,hourglass
female,1.0698,0.8605,1.2432,1.2008,0.9900,0.0000,hourglass
female,1.0698,0.8605,1.2432,1.2008,0.9900,0.0000,hourglass
female,1.0698,0.8605,1.2432,1.2008,0.9900,0.0000,hourglass
female,1.0698,0.8605,1.2432,1.2008,0.9900,0.0000,hourglass
female,1.0698,0.8605,1.2432,1.2008,0.9900,0.0000,hourglass
female,1.0698,0.8605,1.2432,1.2008,0.9900,0.0000,hourglass
female,1.0698,0.8605,1.2432,1.2008,0.9900,0.0000,hourglass
female,1.0698,0.8605,1.2432,1.2008,0.9900,0.0000,hourglass
female,1.0698,0.8605,1.2432,1.2008,0.9900,0.0000,hourglass
female,1.0698,0.8605,1.2432,1.2008,0.9900,0.0000,hourglass
female,1.0698,0.8605,1.2432,1.2008,0.9900,0.0000,hourglass
female,1.0698,0.8605,1.2432,1.2008,0.9900,0.0000,hourglass
female,1.0698,0.8605,1.2432,1.2008,0.9900,0.0000,hourglass
female,1.0698,0.8605,1.2432,1.2008,0.9900,0.0000,hourglass
female,1.0698,0.8605,1.2432,1.2008,0.9900,0.0000,hourglass
female,1.0698,0.8605,1.2432,1.2008,0.9900,0.0000,hourglass
female,1.0698,0.8605,1.2432,1.2008,0.9900,0.0000,hourglass
female,1.0698,0.8605,1.2432,1.2008,0.9900,0.0000,hourglass
female,1.0698,0.8605,1.2432,1.2008,0.9900,0.0000,hourglass
female,1.0698,0.8605,1.2432,1.2008,0.9900,0.0000,hourglass
female,1.0698,0.8605,1.2432,1.2008,0.9900,0.0000,hourglass
female,1.0698,0.8605,1.2432,1.2008,0.9900,0.0000,hourglass
female,1.0698,0.8605,1.2432,1.2008,0.9900,0.0000,hourglass
female,1.0698,0.8605,1.2432,1.2008,0.9900,0.0000,hourglass
female,1.0698,0.8605,1.2432,1.2008,0.9900,0.0000,hourglass
female,1.0698,0.8605,1.2432,1.2008,0.9900,0.0000,hourglass
female,1.0698,0.8605,1.2432,1.2008,0.9900,0.0000,hourglass
female,1.0698,0.8605,1.2432,1.2008,0.9900,0.0000,hourglass
female,1.0698,0.8605,1.2432,1.2008,0.9900,0.0000,hourglass
female,1.0698,0.8605,1.2432,1.2008,0.9900,0.0000,hourglass
female,1.0698,0.8605,1.2432,1.2008,0.9900,0.0000,hourglass
female,1.0698,0.8605,1.2432,1.2008,0.9900,0.0000,hourglass
female,1.0698,0.8605,1.2432,1.2008,0.9900,0.0000,hourglass
female,1.0698,0.8605,1.2432,1.2008,0.9900,0.0000,hourglass
female,1.0698,0.8605,1.2432,1.2008,0.9900,0.0000,hourglass
female,1.0698,0.8605,1.2432,1.2008,0.9900,0.0000,hourglass
female,1.0698,0.8605,1.2432,1.2008,0.9900,0.0000,hourglass
female,1.0698,0.8605,1.2432,1.2008,0.9900,0.0000,hourglass
female,1.0698,0.8605,1.2432,1.2008,0.9900,0.0000,hourglass
female,1.0698,0.8605,1.2432,1.2008,0.9900,0.0000,hourglass
female,1.0698,0.8605,1.2432,1.2008,0.9900,0.0000,hourglass
female,1.0698,0.8605,1.2432,1.2008,0.9900,0.0000,hourglass
female,1.0698,0.8605,1.2432,1.2008,0.9900,0.0000,hourglass
female,1.0698,0.8605,1.2432,1.2008,0.9900,0.0000,hourglass
female,1.0698,0.8605,1.2432,1.2008,0.9900,0.0000,hourglass
female,1.0698,0.8605,1.2432,1.2008,0.9900,0.0000,hourglass
female,1.0698,0.8605,1.2432,1.2008,0.9900,0.0000,hourglass
female,1.0698,0.8605,1.2432,1.2008,0.9900,0.0000,hourglass
female,1.0698,0.8605,1.2432,1.2008,0.9900,0.0000,hourglass
female,1.0698,0.8605,1.2432,1.2008,0.9900,0.0000,hourglass
female,1.0698,0.8605,1.2432,1.2008,0.9900,0.0000,hourglass
female,1.0698,0.8605,1.2432,1.2008,0.9900,0.0000,hourglass
female,1.0698,0.8605,1.2432,1.2008,0.9900,0.0000,hourglass
female,1.0698,0.8605,1.2432,1.2008,0.9900,0.0000,hourglass
female,1.0698,0.8605,1.2432,1.2008,0.9900,0.0000,hourglass
female,1.0698,0.8605,1.2432,1.2008,0.9900,0.0000,hourglass
female,1.0698,0.8605,1.2432,1.2008,0.9900,0.0000,hourglass
female,1.0698,0.8605,1.2432,1.2008,0.9900,0.0000,hourglass
female,1.0698,0.8605,1.2432,1.2008,0.9900,0.0000,hourglass
female,1.0698,0.8605,1.2432,1.2008,0.9900,0.0000,hourglass
female,1.0698,0.8605,1.2432,1.2008,0.9900,0.0000,hourglass
female,1.0698,0.8605,1.2432,1.2008,0.9900,0.0000,hourglass
female,1.0698,0.8605,1.2432,1.2008,0.9900,0.0000,hourglass
female,1.0698,0.8605,1.2432,1.2008,0.9900,0.0000,hourglass
female,1.0698,0.8605,1.2432,1.2008,0.9900,0.0000,hourglass
female,1.0698,0.8605,1.2432,1.2008,0.9900,0.0000,hourglass
female,1.0698,0.8605,1.2432,1.2008,0.9900,0.0000,hourglass
female,1.0698,0.8605,1.2432,1.2008,0.9900,0.0000,hourglass
female,1.0698,0.8605,1.2432,1.2008,0.9900,0.0000,hourglass
female,1.0698,0.8605,1.2432,1.2008,0.9900,0.0000,hourglass
female,1.0698,0.8605,1.2432,1.2008,0.9900,0.0000,hourglass
female,1.0698,0.8605,1.2432,1.2008,0.9900,0.0000,hourglass
female,1.0698,0.8605,1.2432,1.2008,0.9900,0.0000,hourglass
female,1.0698,0.8605,1.2432,1.2008,0.9900,0.0000,hourglass
female,1.0698,0.8605,1.2432,1.2008,0.9900,0.0000,hourglass
female,1.0698,0.8605,1.2432,1.2008,0.9900,0.0000,hourglass
female,1.0698,0.8605,1.2432,1.2008,0.9900,0.0000,hourglass
female,1.0698,0.8605,1.2432,1.2008,0.9900,0.0000,hourglass
female,1.0698,0.8605,1.2432,1.2008,0.9900,0.0000,hourglass
female,1.0698,0.8605,1.2432,1.2008,0.9900,0.0000,hourglass
female,1.0698,0.8605,1.2432,1.2008,0.9900,0.0000,hourglass
female,1.0698,0.8605,1.2432,1.2008,0.9900,0.0000,hourglass
female,1.0698,0.8605,1.2432,1.2008,0.9900,0.0000,hourglass
female,1.0698,0.8605,1.2432,1.2008,0.9900,0.0000,hourglass
female,1.0698,0.8605,1.2432,1.2008,0.9900,0.0000,hourglass
female,1.0698,0.8605,1.2432,1.2008,0.9900,0.0000,hourglass
female,1.0698,0.8605,1.2432,1.2008,0.9900,0.0000,hourglass
female,1.0698,0.8605,1.2432,1.2008,0.9900,0.0000,hourglass
female,1.0698,0.8605,1.2432,1.2008,0.9900,0.0000,hourglass
female,1.0698,0.8605,1.2432,1.2008,0.9900,0.0000,hourglass
female,0.9491,0.9830,0.9655,1.0147,0.9900,0.0000,pear
female,0.9491,0.9830,0.9655,1.0147,0.9900,0.0000,pear
female,0.9491,0.9830,0.9655,1.0147,0.9900,0.0000,pear
female,0.9491,0.9830,0.9655,1.0147,0.9900,0.0000,pear
female,0.9491,0.9830,0.9655,1.0147,0.9900,0.0000,pear
female,0.9491,0.9830,0.9655,1.0147,0.9900,0.0000,pear
female,0.9491,0.9830,0.9655,1.0147,0.9900,0.0000,pear
female,0.9491,0.9830,0.9655,1.0147,0.9900,0.0000,pear
female,0.9491,0.9830,0.9655,1.0147,0.9900,0.0000,pear
female,0.9491,0.9830,0.9655,1.0147,0.9900,0.0000,pear
female,0.9491,0.9830,0.9655,1.0147,0.9900,0.0000,pear
female,0.9491,0.9830,0.9655,1.0147,0.9900,0.0000,pear
female,0.9491,0.9830,0.9655,1.0147,0.9900,0.0000,pear
female,0.9491,0.9830,0.9655,1.0147,0.9900,0.0000,pear
female,0.9491,0.9830,0.9655,1.0147,0.9900,0.0000,pear
female,0.9491,0.9830,0.9655,1.0147,0.9900,0.0000,pear
female,0.9491,0.9830,0.9655,1.0147,0.9900,0.0000,pear
female,0.9491,0.9830,0.9655,1.0147,0.9900,0.0000,pear
female,0.9491,0.9830,0.9655,1.0147,0.9900,0.0000,pear
female,0.9491,0.9830,0.9655,1.0147,0.9900,0.0000,pear
female,0.9491,0.9830,0.9655,1.0147,0.9900,0.0000,pear
female,0.9491,0.9830,0.9655,1.0147,0.9900,0.0000,pear
female,0.9491,0.9830,0.9655,1.0147,0.9900,0.0000,pear
female,0.9491,0.9830,0.9655,1.0147,0.9900,0.0000,pear
female,0.9491,0.9830,0.9655,1.0147,0.9900,0.0000,pear
female,0.9491,0.9830,0.9655,1.0147,0.9900,0.0000,pear
female,0.9491,0.9830,0.9655,1.0147,0.9900,0.0000,pear
female,0.9491,0.9830,0.9655,1.0147,0.9900,0.0000,pear
female,0.9491,0.9830,0.9655,1.0147,0.9900,0.0000,pear
female,0.9491,0.9830,0.9655,1.0147,0.9900,0.0000,pear
female,0.9491,0.9830,0.9655,1.0147,0.9900,0.0000,pear
female,0.9491,0.9830,0.9655,1.0147,0.9900,0.0000,pear
female,0.9491,0.9830,0.9655,1.0147,0.9900,0.0000,pear
female,0.9491,0.9830,0.9655,1.0147,0.9900,0.0000,pear
female,0.9491,0.9830,0.9655,1.0147,0.9900,0.0000,pear
female,0.9491,0.9830,0.9655,1.0147,0.9900,0.0000,pear
female,0.9491,0.9830,0.9655,1.0147,0.9900,0.0000,pear
female,0.9491,0.9830,0.9655,1.0147,0.9900,0.0000,pear
female,0.9491,0.9830,0.9655,1.0147,0.9900,0.0000,pear
female,0.9491,0.9830,0.9655,1.0147,0.9900,0.0000,pear
female,0.9491,0.9830,0.9655,1.0147,0.9900,0.0000,pear
female,0.9491,0.9830,0.9655,1.0147,0.9900,0.0000,pear
female,0.9491,0.9830,0.9655,1.0147,0.9900,0.0000,pear
female,0.9491,0.9830,0.9655,1.0147,0.9900,0.0000,pear
female,0.9491,0.9830,0.9655,1.0147,0.9900,0.0000,pear
female,0.9491,0.9830,0.9655,1.0147,0.9900,0.0000,pear
female,0.9491,0.9830,0.9655,1.0147,0.9900,0.0000,pear
female,0.9491,0.9830,0.9655,1.0147,0.9900,0.0000,pear
female,0.9491,0.9830,0.9655,1.0147,0.9900,0.0000,pear
female,0.9491,0.9830,0.9655,1.0147,0.9900,0.0000,pear
female,0.9491,0.9830,0.9655,1.0147,0.9900,0.0000,pear
female,0.9491,0.9830,0.9655,1.0147,0.9900,0.0000,pear
female,0.9491,0.9830,0.9655,1.0147,0.9900,0.0000,pear
female,0.9491,0.9830,0.9655,1.0147,0.9900,0.0000,pear
female,0.9491,0.9830,0.9655,1.0147,0.9900,0.0000,pear
female,0.9491,0.9830,0.9655,1.0147,0.9900,0.0000,pear
female,0.9491,0.9830,0.9655,1.0147,0.9900,0.0000,pear
female,0.9491,0.9830,0.9655,1.0147,0.9900,0.0000,pear
female,0.9491,0.9830,0.9655,1.0147,0.9900,0.0000,pear
female,0.9491,0.9830,0.9655,1.0147,0.9900,0.0000,pear
female,0.9491,0.9830,0.9655,1.0147,0.9900,0.0000,pear
female,0.9491,0.9830,0.9655,1.0147,0.9900,0.0000,pear
female,0.9491,0.9830,0.9655,1.0147,0.9900,0.0000,pear
female,0.9491,0.9830,0.9655,1.0147,0.9900,0.0000,pear
female,0.9491,0.9830,0.9655,1.0147,0.9900,0.0000,pear
female,0.9491,0.9830,0.9655,1.0147,0.9900,0.0000,pear
female,0.9491,0.9830,0.9655,1.0147,0.9900,0.0000,pear
female,0.9491,0.9830,0.9655,1.0147,0.9900,0.0000,pear
female,0.9491,0.9830,0.9655,1.0147,0.9900,0.0000,pear
female,0.9491,0.9830,0.9655,1.0147,0.9900,0.0000,pear
female,0.9491,0.9830,0.9655,1.0147,0.9900,0.0000,pear
female,0.9491,0.9830,0.9655,1.0147,0.9900,0.0000,pear
female,0.9491,0.9830,0.9655,1.0147,0.9900,0.0000,pear
female,0.9491,0.9830,0.9655,1.0147,0.9900,0.0000,pear
female,0.9491,0.9830,0.9655,1.0147,0.9900,0.0000,pear
female,0.9491,0.9830,0.9655,1.0147,0.9900,0.0000,pear
female,0.9491,0.9830,0.9655,1.0147,0.9900,0.0000,pear
female,0.9491,0.9830,0.9655,1.0147,0.9900,0.0000,pear
female,0.9491,0.9830,0.9655,1.0147,0.9900,0.0000,pear
female,0.9491,0.9830,0.9655,1.0147,0.9900,0.0000,pear
female,0.9491,0.9830,0.9655,1.0147,0.9900,0.0000,pear
female,0.9491,0.9830,0.9655,1.0147,0.9900,0.0000,pear
female,0.9491,0.9830,0.9655,1.0147,0.9900,0.0000,pear
female,0.9491,0.9830,0.9655,1.0147,0.9900,0.0000,pear
female,0.9491,0.9830,0.9655,1.0147,0.9900,0.0000,pear
female,0.9491,0.9830,0.9655,1.0147,0.9900,0.0000,pear
female,0.9491,0.9830,0.9655,1.0147,0.9900,0.0000,pear
female,0.9491,0.9830,0.9655,1.0147,0.9900,0.0000,pear
female,0.9491,0.9830,0.9655,1.0147,0.9900,0.0000,pear
female,0.9491,0.9830,0.9655,1.0147,0.9900,0.0000,pear
female,0.9491,0.9830,0.9655,1.0147,0.9900,0.0000,pear
female,0.9491,0.9830,0.9655,1.0147,0.9900,0.0000,pear
female,0.9491,0.9830,0.9655,1.0147,0.9900,0.0000,pear
female,0.9491,0.9830,0.9655,1.0147,0.9900,0.0000,pear
female,0.9491,0.9830,0.9655,1.0147,0.9900,0.0000,pear
female,0.9491,0.9830,0.9655,1.0147,0.9900,0.0000,pear
female,0.9491,0.9830,0.9655,1.0147,0.9900,0.0000,pear
female,0.9491,0.9830,0.9655,1.0147,0.9900,0.0000,pear
female,0.9491,0.9830,0.9655,1.0147,0.9900,0.0000,pear
female,0.9491,0.9830,0.9655,1.0147,0.9900,0.0000,pear
female,0.9107,1.0179,0.8947,1.0900,0.9900,0.0000,rectangle
female,0.9107,1.0179,0.8947,1.0900,0.9900,0.0000,rectangle
female,0.9107,1.0179,0.8947,1.0900,0.9900,0.0000,rectangle
female,0.9107,1.0179,0.8947,1.0900,0.9900,0.0000,rectangle
female,0.9107,1.0179,0.8947,1.0900,0.9900,0.0000,rectangle
female,0.9107,1.0179,0.8947,1.0900,0.9900,0.0000,rectangle
female,0.9107,1.0179,0.8947,1.0900,0.9900,0.0000,rectangle
female,0.9107,1.0179,0.8947,1.0900,0.9900,0.0000,rectangle
female,0.9107,1.0179,0.8947,1.0900,0.9900,0.0000,rectangle
female,0.9107,1.0179,0.8947,1.0900,0.9900,0.0000,rectangle
female,0.9107,1.0179,0.8947,1.0900,0.9900,0.0000,rectangle
female,0.9107,1.0179,0.8947,1.0900,0.9900,0.0000,rectangle
female,0.9107,1.0179,0.8947,1.0900,0.9900,0.0000,rectangle
female,0.9107,1.0179,0.8947,1.0900,0.9900,0.0000,rectangle
female,0.9107,1.0179,0.8947,1.0900,0.9900,0.0000,rectangle
female,0.9107,1.0179,0.8947,1.0900,0.9900,0.0000,rectangle
female,0.9107,1.0179,0.8947,1.0900,0.9900,0.0000,rectangle
female,0.9107,1.0179,0.8947,1.0900,0.9900,0.0000,rectangle
female,0.9107,1.0179,0.8947,1.0900,0.9900,0.0000,rectangle
female,0.9107,1.0179,0.8947,1.0900,0.9900,0.0000,rectangle
female,0.9107,1.0179,0.8947,1.0900,0.9900,0.0000,rectangle
female,0.9107,1.0179,0.8947,1.0900,0.9900,0.0000,rectangle
female,0.9107,1.0179,0.8947,1.0900,0.9900,0.0000,rectangle
female,0.9107,1.0179,0.8947,1.0900,0.9900,0.0000,rectangle
female,0.9107,1.0179,0.8947,1.0900,0.9900,0.0000,rectangle
female,0.9107,1.0179,0.8947,1.0900,0.9900,0.0000,rectangle
female,0.9107,1.0179,0.8947,1.0900,0.9900,0.0000,rectangle
female,0.9107,1.0179,0.8947,1.0900,0.9900,0.0000,rectangle
female,0.9107,1.0179,0.8947,1.0900,0.9900,0.0000,rectangle
female,0.9107,1.0179,0.8947,1.0900,0.9900,0.0000,rectangle
female,0.9107,1.0179,0.8947,1.0900,0.9900,0.0000,rectangle
female,0.9107,1.0179,0.8947,1.0900,0.9900,0.0000,rectangle
female,0.9107,1.0179,0.8947,1.0900,0.9900,0.0000,rectangle
female,0.9107,1.0179,0.8947,1.0900,0.9900,0.0000,rectangle
female,0.9107,1.0179,0.8947,1.0900,0.9900,0.0000,rectangle
female,0.9107,1.0179,0.8947,1.0900,0.9900,0.0000,rectangle
female,0.9107,1.0179,0.8947,1.0900,0.9900,0.0000,rectangle
female,0.9107,1.0179,0.8947,1.0900,0.9900,0.0000,rectangle
female,0.9107,1.0179,0.8947,1.0900,0.9900,0.0000,rectangle
female,0.9107,1.0179,0.8947,1.0900,0.9900,0.0000,rectangle
female,0.9107,1.0179,0.8947,1.0900,0.9900,0.0000,rectangle
female,0.9107,1.0179,0.8947,1.0900,0.9900,0.0000,rectangle
female,0.9107,1.0179,0.8947,1.0900,0.9900,0.0000,rectangle
female,0.9107,1.0179,0.8947,1.0900,0.9900,0.0000,rectangle
female,0.9107,1.0179,0.8947,1.0900,0.9900,0.0000,rectangle
female,0.9107,1.0179,0.8947,1.0900,0.9900,0.0000,rectangle
female,0.9107,1.0179,0.8947,1.0900,0.9900,0.0000,rectangle
female,0.9107,1.0179,0.8947,1.0900,0.9900,0.0000,rectangle
female,0.9107,1.0179,0.8947,1.0900,0.9900,0.0000,rectangle
female,0.9107,1.0179,0.8947,1.0900,0.9900,0.0000,rectangle
female,0.9107,1.0179,0.8947,1.0900,0.9900,0.0000,rectangle
female,0.9107,1.0179,0.8947,1.0900,0.9900,0.0000,rectangle
female,0.9107,1.0179,0.8947,1.0900,0.9900,0.0000,rectangle
female,0.9107,1.0179,0.8947,1.0900,0.9900,0.0000,rectangle
female,0.9107,1.0179,0.8947,1.0900,0.9900,0.0000,rectangle
female,0.9107,1.0179,0.8947,1.0900,0.9900,0.0000,rectangle
female,0.9107,1.0179,0.8947,1.0900,0.9900,0.0000,rectangle
female,0.9107,1.0179,0.8947,1.0900,0.9900,0.0000,rectangle
female,0.9107,1.0179,0.8947,1.0900,0.9900,0.0000,rectangle
female,0.9107,1.0179,0.8947,1.0900,0.9900,0.0000,rectangle
female,0.9107,1.0179,0.8947,1.0900,0.9900,0.0000,rectangle
female,0.9107,1.0179,0.8947,1.0900,0.9900,0.0000,rectangle
female,0.9107,1.0179,0.8947,1.0900,0.9900,0.0000,rectangle
female,0.9107,1.0179,0.8947,1.0900,0.9900,0.0000,rectangle
female,0.9107,1.0179,0.8947,1.0900,0.9900,0.0000,rectangle
female,0.9107,1.0179,0.8947,1.0900,0.9900,0.0000,rectangle
female,0.9107,1.0179,0.8947,1.0900,0.9900,0.0000,rectangle
female,0.9107,1.0179,0.8947,1.0900,0.9900,0.0000,rectangle
female,0.9107,1.0179,0.8947,1.0900,0.9900,0.0000,rectangle
female,0.9107,1.0179,0.8947,1.0900,0.9900,0.0000,rectangle
female,0.9107,1.0179,0.8947,1.0900,0.9900,0.0000,rectangle
female,0.9107,1.0179,0.8947,1.0900,0.9900,0.0000,rectangle
female,0.9107,1.0179,0.8947,1.0900,0.9900,0.0000,rectangle
female,0.9107,1.0179,0.8947,1.0900,0.9900,0.0000,rectangle
female,0.9107,1.0179,0.8947,1.0900,0.9900,0.0000,rectangle
female,0.9107,1.0179,0.8947,1.0900,0.9900,0.0000,rectangle
female,0.9107,1.0179,0.8947,1.0900,0.9900,0.0000,rectangle
female,0.9107,1.0179,0.8947,1.0900,0.9900,0.0000,rectangle
female,0.9107,1.0179,0.8947,1.0900,0.9900,0.0000,rectangle
female,0.9107,1.0179,0.8947,1.0900,0.9900,0.0000,rectangle
female,0.9107,1.0179,0.8947,1.0900,0.9900,0.0000,rectangle
female,0.9107,1.0179,0.8947,1.0900,0.9900,0.0000,rectangle
female,0.9107,1.0179,0.8947,1.0900,0.9900,0.0000,rectangle
female,0.9107,1.0179,0.8947,1.0900,0.9900,0.0000,rectangle
female,0.9107,1.0179,0.8947,1.0900,0.9900,0.0000,rectangle
female,0.9107,1.0179,0.8947,1.0900,0.9900,0.0000,rectangle
female,0.9107,1.0179,0.8947,1.0900,0.9900,0.0000,rectangle
female,0.9107,1.0179,0.8947,1.0900,0.9900,0.0000,rectangle
female,0.9107,1.0179,0.8947,1.0900,0.9900,0.0000,rectangle
female,0.9107,1.0179,0.8947,1.0900,0.9900,0.0000,rectangle
female,0.9107,1.0179,0.8947,1.0900,0.9900,0.0000,rectangle
female,0.9107,1.0179,0.8947,1.0900,0.9900,0.0000,rectangle
female,0.9107,1.0179,0.8947,1.0900,0.9900,0.0000,rectangle
female,0.9107,1.0179,0.8947,1.0900,0.9900,0.0000,rectangle
female,0.9107,1.0179,0.8947,1.0900,0.9900,0.0000,rectangle
female,0.9107,1.0179,0.8947,1.0900,0.9900,0.0000,rectangle
female,0.9107,1.0179,0.8947,1.0900,0.9900,0.0000,rectangle
female,0.9107,1.0179,0.8947,1.0900,0.9900,0.0000,rectangle
female,0.9107,1.0179,0.8947,1.0900,0.9900,0.0000,rectangle
female,0.9107,1.0179,0.8947,1.0900,0.9900,0.0000,rectangle
female,0.9032,1.0645,0.8485,0.9286,0.9900,0.0000,apple
female,0.9032,1.0645,0.8485,0.9286,0.9900,0.0000,apple
female,0.9032,1.0645,0.8485,0.9286,0.9900,0.0000,apple
female,0.9032,1.0645,0.8485,0.9286,0.9900,0.0000,apple
female,0.9032,1.0645,0.8485,0.9286,0.9900,0.0000,apple
female,0.9032,1.0645,0.8485,0.9286,0.9900,0.0000,apple
female,0.9032,1.0645,0.8485,0.9286,0.9900,0.0000,apple
female,0.9032,1.0645,0.8485,0.9286,0.9900,0.0000,apple
female,0.9032,1.0645,0.8485,0.9286,0.9900,0.0000,apple
female,0.9032,1.0645,0.8485,0.9286,0.9900,0.0000,apple
female,0.9032,1.0645,0.8485,0.9286,0.9900,0.0000,apple
female,0.9032,1.0645,0.8485,0.9286,0.9900,0.0000,apple
female,0.9032,1.0645,0.8485,0.9286,0.9900,0.0000,apple
female,0.9032,1.0645,0.8485,0.9286,0.9900,0.0000,apple
female,0.9032,1.0645,0.8485,0.9286,0.9900,0.0000,apple
female,0.9032,1.0645,0.8485,0.9286,0.9900,0.0000,apple
female,0.9032,1.0645,0.8485,0.9286,0.9900,0.0000,apple
female,0.9032,1.0645,0.8485,0.9286,0.9900,0.0000,apple
female,0.9032,1.0645,0.8485,0.9286,0.9900,0.0000,apple
female,0.9032,1.0645,0.8485,0.9286,0.9900,0.0000,apple
female,0.9032,1.0645,0.8485,0.9286,0.9900,0.0000,apple
female,0.9032,1.0645,0.8485,0.9286,0.9900,0.0000,apple
female,0.9032,1.0645,0.8485,0.9286,0.9900,0.0000,apple
female,0.9032,1.0645,0.8485,0.9286,0.9900,0.0000,apple
female,0.9032,1.0645,0.8485,0.9286,0.9900,0.0000,apple
female,0.9032,1.0645,0.8485,0.9286,0.9900,0.0000,apple
female,0.9032,1.0645,0.8485,0.9286,0.9900,0.0000,apple
female,0.9032,1.0645,0.8485,0.9286,0.9900,0.0000,apple
female,0.9032,1.0645,0.8485,0.9286,0.9900,0.0000,apple
female,0.9032,1.0645,0.8485,0.9286,0.9900,0.0000,apple
female,0.9032,1.0645,0.8485,0.9286,0.9900,0.0000,apple
female,0.9032,1.0645,0.8485,0.9286,0.9900,0.0000,apple
female,0.9032,1.0645,0.8485,0.9286,0.9900,0.0000,apple
female,0.9032,1.0645,0.8485,0.9286,0.9900,0.0000,apple
female,0.9032,1.0645,0.8485,0.9286,0.9900,0.0000,apple
female,0.9032,1.0645,0.8485,0.9286,0.9900,0.0000,apple
female,0.9032,1.0645,0.8485,0.9286,0.9900,0.0000,apple
female,0.9032,1.0645,0.8485,0.9286,0.9900,0.0000,apple
female,0.9032,1.0645,0.8485,0.9286,0.9900,0.0000,apple
female,0.9032,1.0645,0.8485,0.9286,0.9900,0.0000,apple
female,0.9032,1.0645,0.8485,0.9286,0.9900,0.0000,apple
female,0.9032,1.0645,0.8485,0.9286,0.9900,0.0000,apple
female,0.9032,1.0645,0.8485,0.9286,0.9900,0.0000,apple
female,0.9032,1.0645,0.8485,0.9286,0.9900,0.0000,apple
female,0.9032,1.0645,0.8485,0.9286,0.9900,0.0000,apple
female,0.9032,1.0645,0.8485,0.9286,0.9900,0.0000,apple
female,0.9032,1.0645,0.8485,0.9286,0.9900,0.0000,apple
female,0.9032,1.0645,0.8485,0.9286,0.9900,0.0000,apple
female,0.9032,1.0645,0.8485,0.9286,0.9900,0.0000,apple
female,0.9032,1.0645,0.8485,0.9286,0.9900,0.0000,apple
female,0.9032,1.0645,0.8485,0.9286,0.9900,0.0000,apple
female,0.9032,1.0645,0.8485,0.9286,0.9900,0.0000,apple
female,0.9032,1.0645,0.8485,0.9286,0.9900,0.0000,apple
female,0.9032,1.0645,0.8485,0.9286,0.9900,0.0000,apple
female,0.9032,1.0645,0.8485,0.9286,0.9900,0.0000,apple
female,0.9032,1.0645,0.8485,0.9286,0.9900,0.0000,apple
female,0.9032,1.0645,0.8485,0.9286,0.9900,0.0000,apple
female,0.9032,1.0645,0.8485,0.9286,0.9900,0.0000,apple
female,0.9032,1.0645,0.8485,0.9286,0.9900,0.0000,apple
female,0.9032,1.0645,0.8485,0.9286,0.9900,0.0000,apple
female,0.9032,1.0645,0.8485,0.9286,0.9900,0.0000,apple
female,0.9032,1.0645,0.8485,0.9286,0.9900,0.0000,apple
female,0.9032,1.0645,0.8485,0.9286,0.9900,0.0000,apple
female,0.9032,1.0645,0.8485,0.9286,0.9900,0.0000,apple
female,0.9032,1.0645,0.8485,0.9286,0.9900,0.0000,apple
female,0.9032,1.0645,0.8485,0.9286,0.9900,0.0000,apple
female,0.9032,1.0645,0.8485,0.9286,0.9900,0.0000,apple
female,0.9032,1.0645,0.8485,0.9286,0.9900,0.0000,apple
female,0.9032,1.0645,0.8485,0.9286,0.9900,0.0000,apple
female,0.9032,1.0645,0.8485,0.9286,0.9900,0.0000,apple
female,0.9032,1.0645,0.8485,0.9286,0.9900,0.0000,apple
female,0.9032,1.0645,0.8485,0.9286,0.9900,0.0000,apple
female,0.9032,1.0645,0.8485,0.9286,0.9900,0.0000,apple
female,0.9032,1.0645,0.8485,0.9286,0.9900,0.0000,apple
female,0.9032,1.0645,0.8485,0.9286,0.9900,0.0000,apple
female,0.9032,1.0645,0.8485,0.9286,0.9900,0.0000,apple
female,0.9032,1.0645,0.8485,0.9286,0.9900,0.0000,apple
female,0.9032,1.0645,0.8485,0.9286,0.9900,0.0000,apple
female,0.9032,1.0645,0.8485,0.9286,0.9900,0.0000,apple
female,0.9032,1.0645,0.8485,0.9286,0.9900,0.0000,apple
female,0.9032,1.0645,0.8485,0.9286,0.9900,0.0000,apple
female,0.9032,1.0645,0.8485,0.9286,0.9900,0.0000,apple
female,0.9032,1.0645,0.8485,0.9286,0.9900,0.0000,apple
female,0.9032,1.0645,0.8485,0.9286,0.9900,0.0000,apple
female,0.9032,1.0645,0.8485,0.9286,0.9900,0.0000,apple
female,0.9032,1.0645,0.8485,0.9286,0.9900,0.0000,apple
female,0.9032,1.0645,0.8485,0.9286,0.9900,0.0000,apple
female,0.9032,1.0645,0.8485,0.9286,0.9900,0.0000,apple
female,0.9032,1.0645,0.8485,0.9286,0.9900,0.0000,apple
female,0.9032,1.0645,0.8485,0.9286,0.9900,0.0000,apple
female,0.9032,1.0645,0.8485,0.9286,0.9900,0.0000,apple
female,0.9032,1.0645,0.8485,0.9286,0.9900,0.0000,apple
female,0.9032,1.0645,0.8485,0.9286,0.9900,0.0000,apple
female,0.9032,1.0645,0.8485,0.9286,0.9900,0.0000,apple
female,0.9032,1.0645,0.8485,0.9286,0.9900,0.0000,apple
female,0.9032,1.0645,0.8485,0.9286,0.9900,0.0000,apple
female,0.9032,1.0645,0.8485,0.9286,0.9900,0.0000,apple
female,0.9032,1.0645,0.8485,0.9286,0.9900,0.0000,apple
female,0.9032,1.0645,0.8485,0.9286,0.9900,0.0000,apple
female,0.9032,1.0645,0.8485,0.9286,0.9900,0.0000,apple
female,1.0454,0.8864,1.1795,1.2288,0.9900,0.0000,inverted_triangle
female,1.0454,0.8864,1.1795,1.2288,0.9900,0.0000,inverted_triangle
female,1.0454,0.8864,1.1795,1.2288,0.9900,0.0000,inverted_triangle
female,1.0454,0.8864,1.1795,1.2288,0.9900,0.0000,inverted_triangle
female,1.0454,0.8864,1.1795,1.2288,0.9900,0.0000,inverted_triangle
female,1.0454,0.8864,1.1795,1.2288,0.9900,0.0000,inverted_triangle
female,1.0454,0.8864,1.1795,1.2288,0.9900,0.0000,inverted_triangle
female,1.0454,0.8864,1.1795,1.2288,0.9900,0.0000,inverted_triangle
female,1.0454,0.8864,1.1795,1.2288,0.9900,0.0000,inverted_triangle
female,1.0454,0.8864,1.1795,1.2288,0.9900,0.0000,inverted_triangle
female,1.0454,0.8864,1.1795,1.2288,0.9900,0.0000,inverted_triangle
female,1.0454,0.8864,1.1795,1.2288,0.9900,0.0000,inverted_triangle
female,1.0454,0.8864,1.1795,1.2288,0.9900,0.0000,inverted_triangle
female,1.0454,0.8864,1.1795,1.2288,0.9900,0.0000,inverted_triangle
female,1.0454,0.8864,1.1795,1.2288,0.9900,0.0000,inverted_triangle
female,1.0454,0.8864,1.1795,1.2288,0.9900,0.0000,inverted_triangle
female,1.0454,0.8864,1.1795,1.2288,0.9900,0.0000,inverted_triangle
female,1.0454,0.8864,1.1795,1.2288,0.9900,0.0000,inverted_triangle
female,1.0454,0.8864,1.1795,1.2288,0.9900,0.0000,inverted_triangle
female,1.0454,0.8864,1.1795,1.2288,0.9900,0.0000,inverted_triangle
female,1.0454,0.8864,1.1795,1.2288,0.9900,0.0000,inverted_triangle
female,1.0454,0.8864,1.1795,1.2288,0.9900,0.0000,inverted_triangle
female,1.0454,0.8864,1.1795,1.2288,0.9900,0.0000,inverted_triangle
female,1.0454,0.8864,1.1795,1.2288,0.9900,0.0000,inverted_triangle
female,1.0454,0.8864,1.1795,1.2288,0.9900,0.0000,inverted_triangle
female,1.0454,0.8864,1.1795,1.2288,0.9900,0.0000,inverted_triangle
female,1.0454,0.8864,1.1795,1.2288,0.9900,0.0000,inverted_triangle
female,1.0454,0.8864,1.1795,1.2288,0.9900,0.0000,inverted_triangle
female,1.0454,0.8864,1.1795,1.2288,0.9900,0.0000,inverted_triangle
female,1.0454,0.8864,1.1795,1.2288,0.9900,0.0000,inverted_triangle
female,1.0454,0.8864,1.1795,1.2288,0.9900,0.0000,inverted_triangle
female,1.0454,0.8864,1.1795,1.2288,0.9900,0.0000,inverted_triangle
female,1.0454,0.8864,1.1795,1.2288,0.9900,0.0000,inverted_triangle
female,1.0454,0.8864,1.1795,1.2288,0.9900,0.0000,inverted_triangle
female,1.0454,0.8864,1.1795,1.2288,0.9900,0.0000,inverted_triangle
female,1.0454,0.8864,1.1795,1.2288,0.9900,0.0000,inverted_triangle
female,1.0454,0.8864,1.1795,1.2288,0.9900,0.0000,inverted_triangle
female,1.0454,0.8864,1.1795,1.2288,0.9900,0.0000,inverted_triangle
female,1.0454,0.8864,1.1795,1.2288,0.9900,0.0000,inverted_triangle
female,1.0454,0.8864,1.1795,1.2288,0.9900,0.0000,inverted_triangle
female,1.0454,0.8864,1.1795,1.2288,0.9900,0.0000,inverted_triangle
female,1.0454,0.8864,1.1795,1.2288,0.9900,0.0000,inverted_triangle
female,1.0454,0.8864,1.1795,1.2288,0.9900,0.0000,inverted_triangle
female,1.0454,0.8864,1.1795,1.2288,0.9900,0.0000,inverted_triangle
female,1.0454,0.8864,1.1795,1.2288,0.9900,0.0000,inverted_triangle
female,1.0454,0.8864,1.1795,1.2288,0.9900,0.0000,inverted_triangle
female,1.0454,0.8864,1.1795,1.2288,0.9900,0.0000,inverted_triangle
female,1.0454,0.8864,1.1795,1.2288,0.9900,0.0000,inverted_triangle
female,1.0454,0.8864,1.1795,1.2288,0.9900,0.0000,inverted_triangle
female,1.0454,0.8864,1.1795,1.2288,0.9900,0.0000,inverted_triangle
female,1.0454,0.8864,1.1795,1.2288,0.9900,0.0000,inverted_triangle
female,1.0454,0.8864,1.1795,1.2288,0.9900,0.0000,inverted_triangle
female,1.0454,0.8864,1.1795,1.2288,0.9900,0.0000,inverted_triangle
female,1.0454,0.8864,1.1795,1.2288,0.9900,0.0000,inverted_triangle
female,1.0454,0.8864,1.1795,1.2288,0.9900,0.0000,inverted_triangle
female,1.0454,0.8864,1.1795,1.2288,0.9900,0.0000,inverted_triangle
female,1.0454,0.8864,1.1795,1.2288,0.9900,0.0000,inverted_triangle
female,1.0454,0.8864,1.1795,1.2288,0.9900,0.0000,inverted_triangle
female,1.0454,0.8864,1.1795,1.2288,0.9900,0.0000,inverted_triangle
female,1.0454,0.8864,1.1795,1.2288,0.9900,0.0000,inverted_triangle
female,1.0454,0.8864,1.1795,1.2288,0.9900,0.0000,inverted_triangle
female,1.0454,0.8864,1.1795,1.2288,0.9900,0.0000,inverted_triangle
female,1.0454,0.8864,1.1795,1.2288,0.9900,0.0000,inverted_triangle
female,1.0454,0.8864,1.1795,1.2288,0.9900,0.0000,inverted_triangle
female,1.0454,0.8864,1.1795,1.2288,0.9900,0.0000,inverted_triangle
female,1.0454,0.8864,1.1795,1.2288,0.9900,0.0000,inverted_triangle
female,1.0454,0.8864,1.1795,1.2288,0.9900,0.0000,inverted_triangle
female,1.0454,0.8864,1.1795,1.2288,0.9900,0.0000,inverted_triangle
female,1.0454,0.8864,1.1795,1.2288,0.9900,0.0000,inverted_triangle
female,1.0454,0.8864,1.1795,1.2288,0.9900,0.0000,inverted_triangle
female,1.0454,0.8864,1.1795,1.2288,0.9900,0.0000,inverted_triangle
female,1.0454,0.8864,1.1795,1.2288,0.9900,0.0000,inverted_triangle
female,1.0454,0.8864,1.1795,1.2288,0.9900,0.0000,inverted_triangle
female,1.0454,0.8864,1.1795,1.2288,0.9900,0.0000,inverted_triangle
female,1.0454,0.8864,1.1795,1.2288,0.9900,0.0000,inverted_triangle
female,1.0454,0.8864,1.1795,1.2288,0.9900,0.0000,inverted_triangle
female,1.0454,0.8864,1.1795,1.2288,0.9900,0.0000,inverted_triangle
female,1.0454,0.8864,1.1795,1.2288,0.9900,0.0000,inverted_triangle
female,1.0454,0.8864,1.1795,1.2288,0.9900,0.0000,inverted_triangle
female,1.0454,0.8864,1.1795,1.2288,0.9900,0.0000,inverted_triangle
female,1.0454,0.8864,1.1795,1.2288,0.9900,0.0000,inverted_triangle
female,1.0454,0.8864,1.1795,1.2288,0.9900,0.0000,inverted_triangle
female,1.0454,0.8864,1.1795,1.2288,0.9900,0.0000,inverted_triangle
female,1.0454,0.8864,1.1795,1.2288,0.9900,0.0000,inverted_triangle
female,1.0454,0.8864,1.1795,1.2288,0.9900,0.0000,inverted_triangle
female,1.0454,0.8864,1.1795,1.2288,0.9900,0.0000,inverted_triangle
female,1.0454,0.8864,1.1795,1.2288,0.9900,0.0000,inverted_triangle
female,1.0454,0.8864,1.1795,1.2288,0.9900,0.0000,inverted_triangle
female,1.0454,0.8864,1.1795,1.2288,0.9900,0.0000,inverted_triangle
female,1.0454,0.8864,1.1795,1.2288,0.9900,0.0000,inverted_triangle
female,1.0454,0.8864,1.1795,1.2288,0.9900,0.0000,inverted_triangle
female,1.0454,0.8864,1.1795,1.2288,0.9900,0.0000,inverted_triangle
female,1.0454,0.8864,1.1795,1.2288,0.9900,0.0000,inverted_triangle
female,1.0454,0.8864,1.1795,1.2288,0.9900,0.0000,inverted_triangle
female,1.0454,0.8864,1.1795,1.2288,0.9900,0.0000,inverted_triangle
female,1.0454,0.8864,1.1795,1.2288,0.9900,0.0000,inverted_triangle
female,1.0454,0.8864,1.1795,1.2288,0.9900,0.0000,inverted_triangle
female,1.0454,0.8864,1.1795,1.2288,0.9900,0.0000,inverted_triangle
female,1.0454,0.8864,1.1795,1.2288,0.9900,0.0000,inverted_triangle
female,1.0454,0.8864,1.1795,1.2288,0.9900,0.0000,inverted_triangle
male,1.0377,0.9811,1.0577,1.1490,0.9900,0.0000,trapezoid
male,1.0377,0.9811,1.0577,1.1490,0.9900,0.0000,trapezoid
male,1.0377,0.9811,1.0577,1.1490,0.9900,0.0000,trapezoid
male,1.0377,0.9811,1.0577,1.1490,0.9900,0.0000,trapezoid
male,1.0377,0.9811,1.0577,1.1490,0.9900,0.0000,trapezoid
male,1.0377,0.9811,1.0577,1.1490,0.9900,0.0000,trapezoid
male,1.0377,0.9811,1.0577,1.1490,0.9900,0.0000,trapezoid
male,1.0377,0.9811,1.0577,1.1490,0.9900,0.0000,trapezoid
male,1.0377,0.9811,1.0577,1.1490,0.9900,0.0000,trapezoid
male,1.0377,0.9811,1.0577,1.1490,0.9900,0.0000,trapezoid
male,1.0377,0.9811,1.0577,1.1490,0.9900,0.0000,trapezoid
male,1.0377,0.9811,1.0577,1.1490,0.9900,0.0000,trapezoid
male,1.0377,0.9811,1.0577,1.1490,0.9900,0.0000,trapezoid
male,1.0377,0.9811,1.0577,1.1490,0.9900,0.0000,trapezoid
male,1.0377,0.9811,1.0577,1.1490,0.9900,0.0000,trapezoid
male,1.0377,0.9811,1.0577,1.1490,0.9900,0.0000,trapezoid
male,1.0377,0.9811,1.0577,1.1490,0.9900,0.0000,trapezoid
male,1.0377,0.9811,1.0577,1.1490,0.9900,0.0000,trapezoid
male,1.0377,0.9811,1.0577,1.1490,0.9900,0.0000,trapezoid
male,1.0377,0.9811,1.0577,1.1490,0.9900,0.0000,trapezoid
male,1.0377,0.9811,1.0577,1.1490,0.9900,0.0000,trapezoid
male,1.0377,0.9811,1.0577,1.1490,0.9900,0.0000,trapezoid
male,1.0377,0.9811,1.0577,1.1490,0.9900,0.0000,trapezoid
male,1.0377,0.9811,1.0577,1.1490,0.9900,0.0000,trapezoid
male,1.0377,0.9811,1.0577,1.1490,0.9900,0.0000,trapezoid
male,1.0377,0.9811,1.0577,1.1490,0.9900,0.0000,trapezoid
male,1.0377,0.9811,1.0577,1.1490,0.9900,0.0000,trapezoid
male,1.0377,0.9811,1.0577,1.1490,0.9900,0.0000,trapezoid
male,1.0377,0.9811,1.0577,1.1490,0.9900,0.0000,trapezoid
male,1.0377,0.9811,1.0577,1.1490,0.9900,0.0000,trapezoid
male,1.0377,0.9811,1.0577,1.1490,0.9900,0.0000,trapezoid
male,1.0377,0.9811,1.0577,1.1490,0.9900,0.0000,trapezoid
male,1.0377,0.9811,1.0577,1.1490,0.9900,0.0000,trapezoid
male,1.0377,0.9811,1.0577,1.1490,0.9900,0.0000,trapezoid
male,1.0377,0.9811,1.0577,1.1490,0.9900,0.0000,trapezoid
male,1.0377,0.9811,1.0577,1.1490,0.9900,0.0000,trapezoid
male,1.0377,0.9811,1.0577,1.1490,0.9900,0.0000,trapezoid
male,1.0377,0.9811,1.0577,1.1490,0.9900,0.0000,trapezoid
male,1.0377,0.9811,1.0577,1.1490,0.9900,0.0000,trapezoid
male,1.0377,0.9811,1.0577,1.1490,0.9900,0.0000,trapezoid
male,1.0377,0.9811,1.0577,1.1490,0.9900,0.0000,trapezoid
male,1.0377,0.9811,1.0577,1.1490,0.9900,0.0000,trapezoid
male,1.0377,0.9811,1.0577,1.1490,0.9900,0.0000,trapezoid
male,1.0377,0.9811,1.0577,1.1490,0.9900,0.0000,trapezoid
male,1.0377,0.9811,1.0577,1.1490,0.9900,0.0000,trapezoid
male,1.0377,0.9811,1.0577,1.1490,0.9900,0.0000,trapezoid
male,1.0377,0.9811,1.0577,1.1490,0.9900,0.0000,trapezoid
male,1.0377,0.9811,1.0577,1.1490,0.9900,0.0000,trapezoid
male,1.0377,0.9811,1.0577,1.1490,0.9900,0.0000,trapezoid
male,1.0377,0.9811,1.0577,1.1490,0.9900,0.0000,trapezoid
male,1.0377,0.9811,1.0577,1.1490,0.9900,0.0000,trapezoid
male,1.0377,0.9811,1.0577,1.1490,0.9900,0.0000,trapezoid
male,1.0377,0.9811,1.0577,1.1490,0.9900,0.0000,trapezoid
male,1.0377,0.9811,1.0577,1.1490,0.9900,0.0000,trapezoid
male,1.0377,0.9811,1.0577,1.1490,0.9900,0.0000,trapezoid
male,1.0377,0.9811,1.0577,1.1490,0.9900,0.0000,trapezoid
male,1.0377,0.9811,1.0577,1.1490,0.9900,0.0000,trapezoid
male,1.0377,0.9811,1.0577,1.1490,0.9900,0.0000,trapezoid
male,1.0377,0.9811,1.0577,1.1490,0.9900,0.0000,trapezoid
male,1.0377,0.9811,1.0577,1.1490,0.9900,0.0000,trapezoid
male,1.0377,0.9811,1.0577,1.1490,0.9900,0.0000,trapezoid
male,1.0377,0.9811,1.0577,1.1490,0.9900,0.0000,trapezoid
male,1.0377,0.9811,1.0577,1.1490,0.9900,0.0000,trapezoid
male,1.0377,0.9811,1.0577,1.1490,0.9900,0.0000,trapezoid
male,1.0377,0.9811,1.0577,1.1490,0.9900,0.0000,trapezoid
male,1.0377,0.9811,1.0577,1.1490,0.9900,0.0000,trapezoid
male,1.0377,0.9811,1.0577,1.1490,0.9900,0.0000,trapezoid
male,1.0377,0.9811,1.0577,1.1490,0.9900,0.0000,trapezoid
male,1.0377,0.9811,1.0577,1.1490,0.9900,0.0000,trapezoid
male,1.0377,0.9811,1.0577,1.1490,0.9900,0.0000,trapezoid
male,1.0377,0.9811,1.0577,1.1490,0.9900,0.0000,trapezoid
male,1.0377,0.9811,1.0577,1.1490,0.9900,0.0000,trapezoid
male,1.0377,0.9811,1.0577,1.1490,0.9900,0.0000,trapezoid
male,1.0377,0.9811,1.0577,1.1490,0.9900,0.0000,trapezoid
male,1.0377,0.9811,1.0577,1.1490,0.9900,0.0000,trapezoid
male,1.0377,0.9811,1.0577,1.1490,0.9900,0.0000,trapezoid
male,1.0377,0.9811,1.0577,1.1490,0.9900,0.0000,trapezoid
male,1.0377,0.9811,1.0577,1.1490,0.9900,0.0000,trapezoid
male,1.0377,0.9811,1.0577,1.1490,0.9900,0.0000,trapezoid
male,1.0377,0.9811,1.0577,1.1490,0.9900,0.0000,trapezoid
male,1.0377,0.9811,1.0577,1.1490,0.9900,0.0000,trapezoid
male,1.0377,0.9811,1.0577,1.1490,0.9900,0.0000,trapezoid
male,1.0377,0.9811,1.0577,1.1490,0.9900,0.0000,trapezoid
male,1.0377,0.9811,1.0577,1.1490,0.9900,0.0000,trapezoid
male,1.0377,0.9811,1.0577,1.1490,0.9900,0.0000,trapezoid
male,1.0377,0.9811,1.0577,1.1490,0.9900,0.0000,trapezoid
male,1.0377,0.9811,1.0577,1.1490,0.9900,0.0000,trapezoid
male,1.0377,0.9811,1.0577,1.1490,0.9900,0.0000,trapezoid
male,1.0377,0.9811,1.0577,1.1490,0.9900,0.0000,trapezoid
male,1.0377,0.9811,1.0577,1.1490,0.9900,0.0000,trapezoid
male,1.0377,0.9811,1.0577,1.1490,0.9900,0.0000,trapezoid
male,1.0377,0.9811,1.0577,1.1490,0.9900,0.0000,trapezoid
male,1.0377,0.9811,1.0577,1.1490,0.9900,0.0000,trapezoid
male,1.0377,0.9811,1.0577,1.1490,0.9900,0.0000,trapezoid
male,1.0377,0.9811,1.0577,1.1490,0.9900,0.0000,trapezoid
male,1.0377,0.9811,1.0577,1.1490,0.9900,0.0000,trapezoid
male,1.0377,0.9811,1.0577,1.1490,0.9900,0.0000,trapezoid
male,1.0377,0.9811,1.0577,1.1490,0.9900,0.0000,trapezoid
male,1.0377,0.9811,1.0577,1.1490,0.9900,0.0000,trapezoid
male,1.0377,0.9811,1.0577,1.1490,0.9900,0.0000,trapezoid
male,0.9107,1.0179,0.8947,1.0900,0.9900,0.0000,rectangle
male,0.9107,1.0179,0.8947,1.0900,0.9900,0.0000,rectangle
male,0.9107,1.0179,0.8947,1.0900,0.9900,0.0000,rectangle
male,0.9107,1.0179,0.8947,1.0900,0.9900,0.0000,rectangle
male,0.9107,1.0179,0.8947,1.0900,0.9900,0.0000,rectangle
male,0.9107,1.0179,0.8947,1.0900,0.9900,0.0000,rectangle
male,0.9107,1.0179,0.8947,1.0900,0.9900,0.0000,rectangle
male,0.9107,1.0179,0.8947,1.0900,0.9900,0.0000,rectangle
male,0.9107,1.0179,0.8947,1.0900,0.9900,0.0000,rectangle
male,0.9107,1.0179,0.8947,1.0900,0.9900,0.0000,rectangle
male,0.9107,1.0179,0.8947,1.0900,0.9900,0.0000,rectangle
male,0.9107,1.0179,0.8947,1.0900,0.9900,0.0000,rectangle
male,0.9107,1.0179,0.8947,1.0900,0.9900,0.0000,rectangle
male,0.9107,1.0179,0.8947,1.0900,0.9900,0.0000,rectangle
male,0.9107,1.0179,0.8947,1.0900,0.9900,0.0000,rectangle
male,0.9107,1.0179,0.8947,1.0900,0.9900,0.0000,rectangle
male,0.9107,1.0179,0.8947,1.0900,0.9900,0.0000,rectangle
male,0.9107,1.0179,0.8947,1.0900,0.9900,0.0000,rectangle
male,0.9107,1.0179,0.8947,1.0900,0.9900,0.0000,rectangle
male,0.9107,1.0179,0.8947,1.0900,0.9900,0.0000,rectangle
male,0.9107,1.0179,0.8947,1.0900,0.9900,0.0000,rectangle
male,0.9107,1.0179,0.8947,1.0900,0.9900,0.0000,rectangle
male,0.9107,1.0179,0.8947,1.0900,0.9900,0.0000,rectangle
male,0.9107,1.0179,0.8947,1.0900,0.9900,0.0000,rectangle
male,0.9107,1.0179,0.8947,1.0900,0.9900,0.0000,rectangle
male,0.9107,1.0179,0.8947,1.0900,0.9900,0.0000,rectangle
male,0.9107,1.0179,0.8947,1.0900,0.9900,0.0000,rectangle
male,0.9107,1.0179,0.8947,1.0900,0.9900,0.0000,rectangle
male,0.9107,1.0179,0.8947,1.0900,0.9900,0.0000,rectangle
male,0.9107,1.0179,0.8947,1.0900,0.9900,0.0000,rectangle
male,0.9107,1.0179,0.8947,1.0900,0.9900,0.0000,rectangle
male,0.9107,1.0179,0.8947,1.0900,0.9900,0.0000,rectangle
male,0.9107,1.0179,0.8947,1.0900,0.9900,0.0000,rectangle
male,0.9107,1.0179,0.8947,1.0900,0.9900,0.0000,rectangle
male,0.9107,1.0179,0.8947,1.0900,0.9900,0.0000,rectangle
male,0.9107,1.0179,0.8947,1.0900,0.9900,0.0000,rectangle
male,0.9107,1.0179,0.8947,1.0900,0.9900,0.0000,rectangle
male,0.9107,1.0179,0.8947,1.0900,0.9900,0.0000,rectangle
male,0.9107,1.0179,0.8947,1.0900,0.9900,0.0000,rectangle
male,0.9107,1.0179,0.8947,1.0900,0.9900,0.0000,rectangle
male,0.9107,1.0179,0.8947,1.0900,0.9900,0.0000,rectangle
male,0.9107,1.0179,0.8947,1.0900,0.9900,0.0000,rectangle
male,0.9107,1.0179,0.8947,1.0900,0.9900,0.0000,rectangle
male,0.9107,1.0179,0.8947,1.0900,0.9900,0.0000,rectangle
male,0.9107,1.0179,0.8947,1.0900,0.9900,0.0000,rectangle
male,0.9107,1.0179,0.8947,1.0900,0.9900,0.0000,rectangle
male,0.9107,1.0179,0.8947,1.0900,0.9900,0.0000,rectangle
male,0.9107,1.0179,0.8947,1.0900,0.9900,0.0000,rectangle
male,0.9107,1.0179,0.8947,1.0900,0.9900,0.0000,rectangle
male,0.9107,1.0179,0.8947,1.0900,0.9900,0.0000,rectangle
male,0.9107,1.0179,0.8947,1.0900,0.9900,0.0000,rectangle
male,0.9107,1.0179,0.8947,1.0900,0.9900,0.0000,rectangle
male,0.9107,1.0179,0.8947,1.0900,0.9900,0.0000,rectangle
male,0.9107,1.0179,0.8947,1.0900,0.9900,0.0000,rectangle
male,0.9107,1.0179,0.8947,1.0900,0.9900,0.0000,rectangle
male,0.9107,1.0179,0.8947,1.0900,0.9900,0.0000,rectangle
male,0.9107,1.0179,0.8947,1.0900,0.9900,0.0000,rectangle
male,0.9107,1.0179,0.8947,1.0900,0.9900,0.0000,rectangle
male,0.9107,1.0179,0.8947,1.0900,0.9900,0.0000,rectangle
male,0.9107,1.0179,0.8947,1.0900,0.9900,0.0000,rectangle
male,0.9107,1.0179,0.8947,1.0900,0.9900,0.0000,rectangle
male,0.9107,1.0179,0.8947,1.0900,0.9900,0.0000,rectangle
male,0.9107,1.0179,0.8947,1.0900,0.9900,0.0000,rectangle
male,0.9107,1.0179,0.8947,1.0900,0.9900,0.0000,rectangle
male,0.9107,1.0179,0.8947,1.0900,0.9900,0.0000,rectangle
male,0.9107,1.0179,0.8947,1.0900,0.9900,0.0000,rectangle
male,0.9107,1.0179,0.8947,1.0900,0.9900,0.0000,rectangle
male,0.9107,1.0179,0.8947,1.0900,0.9900,0.0000,rectangle
male,0.9107,1.0179,0.8947,1.0900,0.9900,0.0000,rectangle
male,0.9107,1.0179,0.8947,1.0900,0.9900,0.0000,rectangle
male,0.9107,1.0179,0.8947,1.0900,0.9900,0.0000,rectangle
male,0.9107,1.0179,0.8947,1.0900,0.9900,0.0000,rectangle
male,0.9107,1.0179,0.8947,1.0900,0.9900,0.0000,rectangle
male,0.9107,1.0179,0.8947,1.0900,0.9900,0.0000,rectangle
male,0.9107,1.0179,0.8947,1.0900,0.9900,0.0000,rectangle
male,0.9107,1.0179,0.8947,1.0900,0.9900,0.0000,rectangle
male,0.9107,1.0179,0.8947,1.0900,0.9900,0.0000,rectangle
male,0.9107,1.0179,0.8947,1.0900,0.9900,0.0000,rectangle
male,0.9107,1.0179,0.8947,1.0900,0.9900,0.0000,rectangle
male,0.9107,1.0179,0.8947,1.0900,0.9900,0.0000,rectangle
male,0.9107,1.0179,0.8947,1.0900,0.9900,0.0000,rectangle
male,0.9107,1.0179,0.8947,1.0900,0.9900,0.0000,rectangle
male,0.9107,1.0179,0.8947,1.0900,0.9900,0.0000,rectangle
male,0.9107,1.0179,0.8947,1.0900,0.9900,0.0000,rectangle
male,0.9107,1.0179,0.8947,1.0900,0.9900,0.0000,rectangle
male,0.9107,1.0179,0.8947,1.0900,0.9900,0.0000,rectangle
male,0.9107,1.0179,0.8947,1.0900,0.9900,0.0000,rectangle
male,0.9107,1.0179,0.8947,1.0900,0.9900,0.0000,rectangle
male,0.9107,1.0179,0.8947,1.0900,0.9900,0.0000,rectangle
male,0.9107,1.0179,0.8947,1.0900,0.9900,0.0000,rectangle
male,0.9107,1.0179,0.8947,1.0900,0.9900,0.0000,rectangle
male,0.9107,1.0179,0.8947,1.0900,0.9900,0.0000,rectangle
male,0.9107,1.0179,0.8947,1.0900,0.9900,0.0000,rectangle
male,0.9107,1.0179,0.8947,1.0900,0.9900,0.0000,rectangle
male,0.9107,1.0179,0.8947,1.0900,0.9900,0.0000,rectangle
male,0.9107,1.0179,0.8947,1.0900,0.9900,0.0000,rectangle
male,0.9107,1.0179,0.8947,1.0900,0.9900,0.0000,rectangle
male,0.9107,1.0179,0.8947,1.0900,0.9900,0.0000,rectangle
male,0.9107,1.0179,0.8947,1.0900,0.9900,0.0000,rectangle
male,0.9107,1.0179,0.8947,1.0900,0.9900,0.0000,rectangle
male,0.7397,0.9315,0.7941,0.8069,0.9900,0.0000,triangle
male,0.7397,0.9315,0.7941,0.8069,0.9900,0.0000,triangle
male,0.7397,0.9315,0.7941,0.8069,0.9900,0.0000,triangle
male,0.7397,0.9315,0.7941,0.8069,0.9900,0.0000,triangle
male,0.7397,0.9315,0.7941,0.8069,0.9900,0.0000,triangle
male,0.7397,0.9315,0.7941,0.8069,0.9900,0.0000,triangle
male,0.7397,0.9315,0.7941,0.8069,0.9900,0.0000,triangle
male,0.7397,0.9315,0.7941,0.8069,0.9900,0.0000,triangle
male,0.7397,0.9315,0.7941,0.8069,0.9900,0.0000,triangle
male,0.7397,0.9315,0.7941,0.8069,0.9900,0.0000,triangle
male,0.7397,0.9315,0.7941,0.8069,0.9900,0.0000,triangle
male,0.7397,0.9315,0.7941,0.8069,0.9900,0.0000,triangle
male,0.7397,0.9315,0.7941,0.8069,0.9900,0.0000,triangle
male,0.7397,0.9315,0.7941,0.8069,0.9900,0.0000,triangle
male,0.7397,0.9315,0.7941,0.8069,0.9900,0.0000,triangle
male,0.7397,0.9315,0.7941,0.8069,0.9900,0.0000,triangle
male,0.7397,0.9315,0.7941,0.8069,0.9900,0.0000,triangle
male,0.7397,0.9315,0.7941,0.8069,0.9900,0.0000,triangle
male,0.7397,0.9315,0.7941,0.8069,0.9900,0.0000,triangle
male,0.7397,0.9315,0.7941,0.8069,0.9900,0.0000,triangle
male,0.7397,0.9315,0.7941,0.8069,0.9900,0.0000,triangle
male,0.7397,0.9315,0.7941,0.8069,0.9900,0.0000,triangle
male,0.7397,0.9315,0.7941,0.8069,0.9900,0.0000,triangle
male,0.7397,0.9315,0.7941,0.8069,0.9900,0.0000,triangle
male,0.7397,0.9315,0.7941,0.8069,0.9900,0.0000,triangle
male,0.7397,0.9315,0.7941,0.8069,0.9900,0.0000,triangle
male,0.7397,0.9315,0.7941,0.8069,0.9900,0.0000,triangle
male,0.7397,0.9315,0.7941,0.8069,0.9900,0.0000,triangle
male,0.7397,0.9315,0.7941,0.8069,0.9900,0.0000,triangle
male,0.7397,0.9315,0.7941,0.8069,0.9900,0.0000,triangle
male,0.7397,0.9315,0.7941,0.8069,0.9900,0.0000,triangle
male,0.7397,0.9315,0.7941,0.8069,0.9900,0.0000,triangle
male,0.7397,0.9315,0.7941,0.8069,0.9900,0.0000,triangle
male,0.7397,0.9315,0.7941,0.8069,0.9900,0.0000,triangle
male,0.7397,0.9315,0.7941,0.8069,0.9900,0.0000,triangle
male,0.7397,0.9315,0.7941,0.8069,0.9900,0.0000,triangle
male,0.7397,0.9315,0.7941,0.8069,0.9900,0.0000,triangle
male,0.7397,0.9315,0.7941,0.8069,0.9900,0.0000,triangle
male,0.7397,0.9315,0.7941,0.8069,0.9900,0.0000,triangle
male,0.7397,0.9315,0.7941,0.8069,0.9900,0.0000,triangle
male,0.7397,0.9315,0.7941,0.8069,0.9900,0.0000,triangle
male,0.7397,0.9315,0.7941,0.8069,0.9900,0.0000,triangle
male,0.7397,0.9315,0.7941,0.8069,0.9900,0.0000,triangle
male,0.7397,0.9315,0.7941,0.8069,0.9900,0.0000,triangle
male,0.7397,0.9315,0.7941,0.8069,0.9900,0.0000,triangle
male,0.7397,0.9315,0.7941,0.8069,0.9900,0.0000,triangle
male,0.7397,0.9315,0.7941,0.8069,0.9900,0.0000,triangle
male,0.7397,0.9315,0.7941,0.8069,0.9900,0.0000,triangle
male,0.7397,0.9315,0.7941,0.8069,0.9900,0.0000,triangle
male,0.7397,0.9315,0.7941,0.8069,0.9900,0.0000,triangle
male,0.7397,0.9315,0.7941,0.8069,0.9900,0.0000,triangle
male,0.7397,0.9315,0.7941,0.8069,0.9900,0.0000,triangle
male,0.7397,0.9315,0.7941,0.8069,0.9900,0.0000,triangle
male,0.7397,0.9315,0.7941,0.8069,0.9900,0.0000,triangle
male,0.7397,0.9315,0.7941,0.8069,0.9900,0.0000,triangle
male,0.7397,0.9315,0.7941,0.8069,0.9900,0.0000,triangle
male,0.7397,0.9315,0.7941,0.8069,0.9900,0.0000,triangle
male,0.7397,0.9315,0.7941,0.8069,0.9900,0.0000,triangle
male,0.7397,0.9315,0.7941,0.8069,0.9900,0.0000,triangle
male,0.7397,0.9315,0.7941,0.8069,0.9900,0.0000,triangle
male,0.7397,0.9315,0.7941,0.8069,0.9900,0.0000,triangle
male,0.7397,0.9315,0.7941,0.8069,0.9900,0.0000,triangle
male,0.7397,0.9315,0.7941,0.8069,0.9900,0.0000,triangle
male,0.7397,0.9315,0.7941,0.8069,0.9900,0.0000,triangle
male,0.7397,0.9315,0.7941,0.8069,0.9900,0.0000,triangle
male,0.7397,0.9315,0.7941,0.8069,0.9900,0.0000,triangle
male,0.7397,0.9315,0.7941,0.8069,0.9900,0.0000,triangle
male,0.7397,0.9315,0.7941,0.8069,0.9900,0.0000,triangle
male,0.7397,0.9315,0.7941,0.8069,0.9900,0.0000,triangle
male,0.7397,0.9315,0.7941,0.8069,0.9900,0.0000,triangle
male,0.7397,0.9315,0.7941,0.8069,0.9900,0.0000,triangle
male,0.7397,0.9315,0.7941,0.8069,0.9900,0.0000,triangle
male,0.7397,0.9315,0.7941,0.8069,0.9900,0.0000,triangle
male,0.7397,0.9315,0.7941,0.8069,0.9900,0.0000,triangle
male,0.7397,0.9315,0.7941,0.8069,0.9900,0.0000,triangle
male,0.7397,0.9315,0.7941,0.8069,0.9900,0.0000,triangle
male,0.7397,0.9315,0.7941,0.8069,0.9900,0.0000,triangle
male,0.7397,0.9315,0.7941,0.8069,0.9900,0.0000,triangle
male,0.7397,0.9315,0.7941,0.8069,0.9900,0.0000,triangle
male,0.7397,0.9315,0.7941,0.8069,0.9900,0.0000,triangle
male,0.7397,0.9315,0.7941,0.8069,0.9900,0.0000,triangle
male,0.7397,0.9315,0.7941,0.8069,0.9900,0.0000,triangle
male,0.7397,0.9315,0.7941,0.8069,0.9900,0.0000,triangle
male,0.7397,0.9315,0.7941,0.8069,0.9900,0.0000,triangle
male,0.7397,0.9315,0.7941,0.8069,0.9900,0.0000,triangle
male,0.7397,0.9315,0.7941,0.8069,0.9900,0.0000,triangle
male,0.7397,0.9315,0.7941,0.8069,0.9900,0.0000,triangle
male,0.7397,0.9315,0.7941,0.8069,0.9900,0.0000,triangle
male,0.7397,0.9315,0.7941,0.8069,0.9900,0.0000,triangle
male,0.7397,0.9315,0.7941,0.8069,0.9900,0.0000,triangle
male,0.7397,0.9315,0.7941,0.8069,0.9900,0.0000,triangle
male,0.7397,0.9315,0.7941,0.8069,0.9900,0.0000,triangle
male,0.7397,0.9315,0.7941,0.8069,0.9900,0.0000,triangle
male,0.7397,0.9315,0.7941,0.8069,0.9900,0.0000,triangle
male,0.7397,0.9315,0.7941,0.8069,0.9900,0.0000,triangle
male,0.7397,0.9315,0.7941,0.8069,0.9900,0.0000,triangle
male,0.7397,0.9315,0.7941,0.8069,0.9900,0.0000,triangle
male,0.7397,0.9315,0.7941,0.8069,0.9900,0.0000,triangle
male,0.7397,0.9315,0.7941,0.8069,0.9900,0.0000,triangle
male,0.7397,0.9315,0.7941,0.8069,0.9900,0.0000,triangle
male,0.9138,1.0690,0.8548,1.1927,0.9900,0.0000,oval
male,0.9138,1.0690,0.8548,1.1927,0.9900,0.0000,oval
male,0.9138,1.0690,0.8548,1.1927,0.9900,0.0000,oval
male,0.9138,1.0690,0.8548,1.1927,0.9900,0.0000,oval
male,0.9138,1.0690,0.8548,1.1927,0.9900,0.0000,oval
male,0.9138,1.0690,0.8548,1.1927,0.9900,0.0000,oval
male,0.9138,1.0690,0.8548,1.1927,0.9900,0.0000,oval
male,0.9138,1.0690,0.8548,1.1927,0.9900,0.0000,oval
male,0.9138,1.0690,0.8548,1.1927,0.9900,0.0000,oval
male,0.9138,1.0690,0.8548,1.1927,0.9900,0.0000,oval
male,0.9138,1.0690,0.8548,1.1927,0.9900,0.0000,oval
male,0.9138,1.0690,0.8548,1.1927,0.9900,0.0000,oval
male,0.9138,1.0690,0.8548,1.1927,0.9900,0.0000,oval
male,0.9138,1.0690,0.8548,1.1927,0.9900,0.0000,oval
male,0.9138,1.0690,0.8548,1.1927,0.9900,0.0000,oval
male,0.9138,1.0690,0.8548,1.1927,0.9900,0.0000,oval
male,0.9138,1.0690,0.8548,1.1927,0.9900,0.0000,oval
male,0.9138,1.0690,0.8548,1.1927,0.9900,0.0000,oval
male,0.9138,1.0690,0.8548,1.1927,0.9900,0.0000,oval
male,0.9138,1.0690,0.8548,1.1927,0.9900,0.0000,oval
male,0.9138,1.0690,0.8548,1.1927,0.9900,0.0000,oval
male,0.9138,1.0690,0.8548,1.1927,0.9900,0.0000,oval
male,0.9138,1.0690,0.8548,1.1927,0.9900,0.0000,oval
male,0.9138,1.0690,0.8548,1.1927,0.9900,0.0000,oval
male,0.9138,1.0690,0.8548,1.1927,0.9900,0.0000,oval
male,0.9138,1.0690,0.8548,1.1927,0.9900,0.0000,oval
male,0.9138,1.0690,0.8548,1.1927,0.9900,0.0000,oval
male,0.9138,1.0690,0.8548,1.1927,0.9900,0.0000,oval
male,0.9138,1.0690,0.8548,1.1927,0.9900,0.0000,oval
male,0.9138,1.0690,0.8548,1.1927,0.9900,0.0000,oval
male,0.9138,1.0690,0.8548,1.1927,0.9900,0.0000,oval
male,0.9138,1.0690,0.8548,1.1927,0.9900,0.0000,oval
male,0.9138,1.0690,0.8548,1.1927,0.9900,0.0000,oval
male,0.9138,1.0690,0.8548,1.1927,0.9900,0.0000,oval
male,0.9138,1.0690,0.8548,1.1927,0.9900,0.0000,oval
male,0.9138,1.0690,0.8548,1.1927,0.9900,0.0000,oval
male,0.9138,1.0690,0.8548,1.1927,0.9900,0.0000,oval
male,0.9138,1.0690,0.8548,1.1927,0.9900,0.0000,oval
male,0.9138,1.0690,0.8548,1.1927,0.9900,0.0000,oval
male,0.9138,1.0690,0.8548,1.1927,0.9900,0.0000,oval
male,0.9138,1.0690,0.8548,1.1927,0.9900,0.0000,oval
male,0.9138,1.0690,0.8548,1.1927,0.9900,0.0000,oval
male,0.9138,1.0690,0.8548,1.1927,0.9900,0.0000,oval
male,0.9138,1.0690,0.8548,1.1927,0.9900,0.0000,oval
male,0.9138,1.0690,0.8548,1.1927,0.9900,0.0000,oval
male,0.9138,1.0690,0.8548,1.1927,0.9900,0.0000,oval
male,0.9138,1.0690,0.8548,1.1927,0.9900,0.0000,oval
male,0.9138,1.0690,0.8548,1.1927,0.9900,0.0000,oval
male,0.9138,1.0690,0.8548,1.1927,0.9900,0.0000,oval
male,0.9138,1.0690,0.8548,1.1927,0.9900,0.0000,oval
male,0.9138,1.0690,0.8548,1.1927,0.9900,0.0000,oval
male,0.9138,1.0690,0.8548,1.1927,0.9900,0.0000,oval
male,0.9138,1.0690,0.8548,1.1927,0.9900,0.0000,oval
male,0.9138,1.0690,0.8548,1.1927,0.9900,0.0000,oval
male,0.9138,1.0690,0.8548,1.1927,0.9900,0.0000,oval
male,0.9138,1.0690,0.8548,1.1927,0.9900,0.0000,oval
male,0.9138,1.0690,0.8548,1.1927,0.9900,0.0000,oval
male,0.9138,1.0690,0.8548,1.1927,0.9900,0.0000,oval
male,0.9138,1.0690,0.8548,1.1927,0.9900,0.0000,oval
male,0.9138,1.0690,0.8548,1.1927,0.9900,0.0000,oval
male,0.9138,1.0690,0.8548,1.1927,0.9900,0.0000,oval
male,0.9138,1.0690,0.8548,1.1927,0.9900,0.0000,oval
male,0.9138,1.0690,0.8548,1.1927,0.9900,0.0000,oval
male,0.9138,1.0690,0.8548,1.1927,0.9900,0.0000,oval
male,0.9138,1.0690,0.8548,1.1927,0.9900,0.0000,oval
male,0.9138,1.0690,0.8548,1.1927,0.9900,0.0000,oval
male,0.9138,1.0690,0.8548,1.1927,0.9900,0.0000,oval
male,0.9138,1.0690,0.8548,1.1927,0.9900,0.0000,oval
male,0.9138,1.0690,0.8548,1.1927,0.9900,0.0000,oval
male,0.9138,1.0690,0.8548,1.1927,0.9900,0.0000,oval
male,0.9138,1.0690,0.8548,1.1927,0.9900,0.0000,oval
male,0.9138,1.0690,0.8548,1.1927,0.9900,0.0000,oval
male,0.9138,1.0690,0.8548,1.1927,0.9900,0.0000,oval
male,0.9138,1.0690,0.8548,1.1927,0.9900,0.0000,oval
male,0.9138,1.0690,0.8548,1.1927,0.9900,0.0000,oval
male,0.9138,1.0690,0.8548,1.1927,0.9900,0.0000,oval
male,0.9138,1.0690,0.8548,1.1927,0.9900,0.0000,oval
male,0.9138,1.0690,0.8548,1.1927,0.9900,0.0000,oval
male,0.9138,1.0690,0.8548,1.1927,0.9900,0.0000,oval
male,0.9138,1.0690,0.8548,1.1927,0.9900,0.0000,oval
male,0.9138,1.0690,0.8548,1.1927,0.9900,0.0000,oval
male,0.9138,1.0690,0.8548,1.1927,0.9900,0.0000,oval
male,0.9138,1.0690,0.8548,1.1927,0.9900,0.0000,oval
male,0.9138,1.0690,0.8548,1.1927,0.9900,0.0000,oval
male,0.9138,1.0690,0.8548,1.1927,0.9900,0.0000,oval
male,0.9138,1.0690,0.8548,1.1927,0.9900,0.0000,oval
male,0.9138,1.0690,0.8548,1.1927,0.9900,0.0000,oval
male,0.9138,1.0690,0.8548,1.1927,0.9900,0.0000,oval
male,0.9138,1.0690,0.8548,1.1927,0.9900,0.0000,oval
male,0.9138,1.0690,0.8548,1.1927,0.9900,0.0000,oval
male,0.9138,1.0690,0.8548,1.1927,0.9900,0.0000,oval
male,0.9138,1.0690,0.8548,1.1927,0.9900,0.0000,oval
male,0.9138,1.0690,0.8548,1.1927,0.9900,0.0000,oval
male,0.9138,1.0690,0.8548,1.1927,0.9900,0.0000,oval
male,0.9138,1.0690,0.8548,1.1927,0.9900,0.0000,oval
male,0.9138,1.0690,0.8548,1.1927,0.9900,0.0000,oval
male,0.9138,1.0690,0.8548,1.1927,0.9900,0.0000,oval
male,0.9138,1.0690,0.8548,1.1927,0.9900,0.0000,oval
male,0.9138,1.0690,0.8548,1.1927,0.9900,0.0000,oval
male,0.9138,1.0690,0.8548,1.1927,0.9900,0.0000,oval
male,1.0454,0.8864,1.1795,1.2288,0.9900,0.0000,inverted_triangle
male,1.0454,0.8864,1.1795,1.2288,0.9900,0.0000,inverted_triangle
male,1.0454,0.8864,1.1795,1.2288,0.9900,0.0000,inverted_triangle
male,1.0454,0.8864,1.1795,1.2288,0.9900,0.0000,inverted_triangle
male,1.0454,0.8864,1.1795,1.2288,0.9900,0.0000,inverted_triangle
male,1.0454,0.8864,1.1795,1.2288,0.9900,0.0000,inverted_triangle
male,1.0454,0.8864,1.1795,1.2288,0.9900,0.0000,inverted_triangle
male,1.0454,0.8864,1.1795,1.2288,0.9900,0.0000,inverted_triangle
male,1.0454,0.8864,1.1795,1.2288,0.9900,0.0000,inverted_triangle
male,1.0454,0.8864,1.1795,1.2288,0.9900,0.0000,inverted_triangle
male,1.0454,0.8864,1.1795,1.2288,0.9900,0.0000,inverted_triangle
male,1.0454,0.8864,1.1795,1.2288,0.9900,0.0000,inverted_triangle
male,1.0454,0.8864,1.1795,1.2288,0.9900,0.0000,inverted_triangle
male,1.0454,0.8864,1.1795,1.2288,0.9900,0.0000,inverted_triangle
male,1.0454,0.8864,1.1795,1.2288,0.9900,0.0000,inverted_triangle
male,1.0454,0.8864,1.1795,1.2288,0.9900,0.0000,inverted_triangle
male,1.0454,0.8864,1.1795,1.2288,0.9900,0.0000,inverted_triangle
male,1.0454,0.8864,1.1795,1.2288,0.9900,0.0000,inverted_triangle
male,1.0454,0.8864,1.1795,1.2288,0.9900,0.0000,inverted_triangle
male,1.0454,0.8864,1.1795,1.2288,0.9900,0.0000,inverted_triangle
male,1.0454,0.8864,1.1795,1.2288,0.9900,0.0000,inverted_triangle
male,1.0454,0.8864,1.1795,1.2288,0.9900,0.0000,inverted_triangle
male,1.0454,0.8864,1.1795,1.2288,0.9900,0.0000,inverted_triangle
male,1.0454,0.8864,1.1795,1.2288,0.9900,0.0000,inverted_triangle
male,1.0454,0.8864,1.1795,1.2288,0.9900,0.0000,inverted_triangle
male,1.0454,0.8864,1.1795,1.2288,0.9900,0.0000,inverted_triangle
male,1.0454,0.8864,1.1795,1.2288,0.9900,0.0000,inverted_triangle
male,1.0454,0.8864,1.1795,1.2288,0.9900,0.0000,inverted_triangle
male,1.0454,0.8864,1.1795,1.2288,0.9900,0.0000,inverted_triangle
male,1.0454,0.8864,1.1795,1.2288,0.9900,0.0000,inverted_triangle
male,1.0454,0.8864,1.1795,1.2288,0.9900,0.0000,inverted_triangle
male,1.0454,0.8864,1.1795,1.2288,0.9900,0.0000,inverted_triangle
male,1.0454,0.8864,1.1795,1.2288,0.9900,0.0000,inverted_triangle
male,1.0454,0.8864,1.1795,1.2288,0.9900,0.0000,inverted_triangle
male,1.0454,0.8864,1.1795,1.2288,0.9900,0.0000,inverted_triangle
male,1.0454,0.8864,1.1795,1.2288,0.9900,0.0000,inverted_triangle
male,1.0454,0.8864,1.1795,1.2288,0.9900,0.0000,inverted_triangle
male,1.0454,0.8864,1.1795,1.2288,0.9900,0.0000,inverted_triangle
male,1.0454,0.8864,1.1795,1.2288,0.9900,0.0000,inverted_triangle
male,1.0454,0.8864,1.1795,1.2288,0.9900,0.0000,inverted_triangle
male,1.0454,0.8864,1.1795,1.2288,0.9900,0.0000,inverted_triangle
male,1.0454,0.8864,1.1795,1.2288,0.9900,0.0000,inverted_triangle
male,1.0454,0.8864,1.1795,1.2288,0.9900,0.0000,inverted_triangle
male,1.0454,0.8864,1.1795,1.2288,0.9900,0.0000,inverted_triangle
male,1.0454,0.8864,1.1795,1.2288,0.9900,0.0000,inverted_triangle
male,1.0454,0.8864,1.1795,1.2288,0.9900,0.0000,inverted_triangle
male,1.0454,0.8864,1.1795,1.2288,0.9900,0.0000,inverted_triangle
male,1.0454,0.8864,1.1795,1.2288,0.9900,0.0000,inverted_triangle
male,1.0454,0.8864,1.1795,1.2288,0.9900,0.0000,inverted_triangle
male,1.0454,0.8864,1.1795,1.2288,0.9900,0.0000,inverted_triangle
male,1.0454,0.8864,1.1795,1.2288,0.9900,0.0000,inverted_triangle
male,1.0454,0.8864,1.1795,1.2288,0.9900,0.0000,inverted_triangle
male,1.0454,0.8864,1.1795,1.2288,0.9900,0.0000,inverted_triangle
male,1.0454,0.8864,1.1795,1.2288,0.9900,0.0000,inverted_triangle
male,1.0454,0.8864,1.1795,1.2288,0.9900,0.0000,inverted_triangle
male,1.0454,0.8864,1.1795,1.2288,0.9900,0.0000,inverted_triangle
male,1.0454,0.8864,1.1795,1.2288,0.9900,0.0000,inverted_triangle
male,1.0454,0.8864,1.1795,1.2288,0.9900,0.0000,inverted_triangle
male,1.0454,0.8864,1.1795,1.2288,0.9900,0.0000,inverted_triangle
male,1.0454,0.8864,1.1795,1.2288,0.9900,0.0000,inverted_triangle
male,1.0454,0.8864,1.1795,1.2288,0.9900,0.0000,inverted_triangle
male,1.0454,0.8864,1.1795,1.2288,0.9900,0.0000,inverted_triangle
male,1.0454,0.8864,1.1795,1.2288,0.9900,0.0000,inverted_triangle
male,1.0454,0.8864,1.1795,1.2288,0.9900,0.0000,inverted_triangle
male,1.0454,0.8864,1.1795,1.2288,0.9900,0.0000,inverted_triangle
male,1.0454,0.8864,1.1795,1.2288,0.9900,0.0000,inverted_triangle
male,1.0454,0.8864,1.1795,1.2288,0.9900,0.0000,inverted_triangle
male,1.0454,0.8864,1.1795,1.2288,0.9900,0.0000,inverted_triangle
male,1.0454,0.8864,1.1795,1.2288,0.9900,0.0000,inverted_triangle
male,1.0454,0.8864,1.1795,1.2288,0.9900,0.0000,inverted_triangle
male,1.0454,0.8864,1.1795,1.2288,0.9900,0.0000,inverted_triangle
male,1.0454,0.8864,1.1795,1.2288,0.9900,0.0000,inverted_triangle
male,1.0454,0.8864,1.1795,1.2288,0.9900,0.0000,inverted_triangle
male,1.0454,0.8864,1.1795,1.2288,0.9900,0.0000,inverted_triangle
male,1.0454,0.8864,1.1795,1.2288,0.9900,0.0000,inverted_triangle
male,1.0454,0.8864,1.1795,1.2288,0.9900,0.0000,inverted_triangle
male,1.0454,0.8864,1.1795,1.2288,0.9900,0.0000,inverted_triangle
male,1.0454,0.8864,1.1795,1.2288,0.9900,0.0000,inverted_triangle
male,1.0454,0.8864,1.1795,1.2288,0.9900,0.0000,inverted_triangle
male,1.0454,0.8864,1.1795,1.2288,0.9900,0.0000,inverted_triangle
male,1.0454,0.8864,1.1795,1.2288,0.9900,0.0000,inverted_triangle
male,1.0454,0.8864,1.1795,1.2288,0.9900,0.0000,inverted_triangle
male,1.0454,0.8864,1.1795,1.2288,0.9900,0.0000,inverted_triangle
male,1.0454,0.8864,1.1795,1.2288,0.9900,0.0000,inverted_triangle
male,1.0454,0.8864,1.1795,1.2288,0.9900,0.0000,inverted_triangle
male,1.0454,0.8864,1.1795,1.2288,0.9900,0.0000,inverted_triangle
male,1.0454,0.8864,1.1795,1.2288,0.9900,0.0000,inverted_triangle
male,1.0454,0.8864,1.1795,1.2288,0.9900,0.0000,inverted_triangle
male,1.0454,0.8864,1.1795,1.2288,0.9900,0.0000,inverted_triangle
male,1.0454,0.8864,1.1795,1.2288,0.9900,0.0000,inverted_triangle
male,1.0454,0.8864,1.1795,1.2288,0.9900,0.0000,inverted_triangle
male,1.0454,0.8864,1.1795,1.2288,0.9900,0.0000,inverted_triangle
male,1.0454,0.8864,1.1795,1.2288,0.9900,0.0000,inverted_triangle
male,1.0454,0.8864,1.1795,1.2288,0.9900,0.0000,inverted_triangle
male,1.0454,0.8864,1.1795,1.2288,0.9900,0.0000,inverted_triangle
male,1.0454,0.8864,1.1795,1.2288,0.9900,0.0000,inverted_triangle
male,1.0454,0.8864,1.1795,1.2288,0.9900,0.0000,inverted_triangle
male,1.0454,0.8864,1.1795,1.2288,0.9900,0.0000,inverted_triangle
male,1.0454,0.8864,1.1795,1.2288,0.9900,0.0000,inverted_triangle
male,1.0454,0.8864,1.1795,1.2288,0.9900,0.0000,inverted_triangle
